Order ID,Order Date,Region,Customer Segment,Product Category,Product,Units,Unit Price ($),Discount,Revenue ($)
1,2025-10-16,Southeast,Consumer,Electronics,Headphones,3,89.0,0.0,267.0
2,2024-04-14,West,Consumer,Office,Pen Set,5,9.0,0.0,45.0
3,2024-01-31,Northeast,Enterprise,Electronics,Headphones,2,71.2,0.2,142.4
4,2024-07-22,Southeast,Small Business,Office,Pen Set,5,8.1,0.1,40.5
5,2025-08-26,Midwest,Small Business,Home,Desk Lamp,2,31.5,0.1,63.0
6,2024-06-08,West,Consumer,Electronics,Keyboard,1,59.0,0.0,59.0
7,2025-01-02,West,Enterprise,Home,Blender,3,65.0,0.0,195.0
8,2024-05-07,Midwest,Enterprise,Home,Desk Lamp,5,35.0,0.0,175.0
9,2024-07-15,Midwest,Consumer,Office,Notebook Pack,1,12.0,0.0,12.0
10,2024-08-26,Midwest,Consumer,Electronics,Keyboard,3,53.1,0.1,159.3
11,2025-01-14,Southeast,Enterprise,Home,Desk Lamp,3,35.0,0.0,105.0
12,2024-09-07,Southeast,Enterprise,Electronics,Keyboard,4,59.0,0.0,236.0
13,2024-11-28,West,Small Business,Electronics,Headphones,3,89.0,0.0,267.0
14,2024-03-08,West,Small Business,Electronics,Monitor,3,229.0,0.0,687.0
15,2025-10-20,Southeast,Enterprise,Home,Desk Lamp,3,35.0,0.0,105.0
16,2025-07-28,West,Small Business,Office,Desk Chair,5,170.1,0.1,850.5
17,2024-08-12,Northeast,Consumer,Electronics,Monitor,4,229.0,0.0,916.0
18,2024-06-05,Northeast,Small Business,Office,Notebook Pack,4,9.6,0.2,38.4
19,2025-01-25,Northeast,Enterprise,Office,Desk Chair,5,189.0,0.0,945.0
20,2024-04-27,Northeast,Small Business,Office,Pen Set,3,9.0,0.0,27.0
21,2025-03-21,Southeast,Enterprise,Electronics,Keyboard,1,59.0,0.0,59.0
22,2024-04-18,Southeast,Consumer,Office,Desk Chair,5,151.2,0.2,756.0
23,2025-01-17,Midwest,Small Business,Electronics,Monitor,5,229.0,0.0,1145.0
24,2024-01-20,Northeast,Consumer,Electronics,Keyboard,3,59.0,0.0,177.0
25,2025-08-03,Southeast,Consumer,Electronics,Headphones,4,89.0,0.0,356.0
26,2025-11-06,West,Consumer,Home,Blender,4,65.0,0.0,260.0
27,2025-07-06,West,Enterprise,Office,Pen Set,2,9.0,0.0,18.0
28,2025-10-27,Northeast,Consumer,Home,Coffee Maker,5,71.1,0.1,355.5
29,2024-08-18,Southeast,Enterprise,Electronics,Keyboard,1,47.2,0.2,47.2
30,2024-08-13,Northeast,Consumer,Electronics,Headphones,1,89.0,0.0,89.0
31,2024-12-04,West,Consumer,Electronics,Monitor,4,229.0,0.0,916.0
32,2025-07-06,West,Consumer,Electronics,Monitor,5,183.2,0.2,916.0
33,2025-04-29,West,Small Business,Home,Desk Lamp,1,35.0,0.0,35.0
34,2025-03-09,Northeast,Small Business,Home,Coffee Maker,1,79.0,0.0,79.0
35,2024-12-13,West,Consumer,Electronics,Headphones,4,89.0,0.0,356.0
36,2025-03-08,Northeast,Small Business,Electronics,Keyboard,4,59.0,0.0,236.0
37,2025-07-17,Northeast,Consumer,Electronics,Headphones,5,89.0,0.0,445.0
38,2024-06-19,West,Consumer,Home,Coffee Maker,4,79.0,0.0,316.0
39,2024-06-17,West,Small Business,Home,Desk Lamp,4,35.0,0.0,140.0
40,2025-03-09,Southeast,Consumer,Office,Pen Set,5,8.1,0.1,40.5
41,2024-10-30,Northeast,Enterprise,Electronics,Headphones,5,71.2,0.2,356.0
42,2024-11-17,Southeast,Consumer,Electronics,Headphones,7,80.1,0.1,560.7
43,2025-06-04,Northeast,Enterprise,Electronics,Headphones,1,71.2,0.2,71.2
44,2024-08-28,Northeast,Enterprise,Home,Desk Lamp,5,35.0,0.0,175.0
45,2024-03-24,Midwest,Small Business,Home,Blender,5,52.0,0.2,260.0
46,2024-07-28,Midwest,Small Business,Office,Pen Set,3,9.0,0.0,27.0
47,2024-05-14,Midwest,Consumer,Office,Pen Set,3,8.1,0.1,24.3
48,2024-01-10,Northeast,Enterprise,Home,Blender,5,65.0,0.0,325.0
49,2024-08-06,Northeast,Consumer,Office,Desk Chair,2,189.0,0.0,378.0
50,2025-01-13,Midwest,Enterprise,Home,Desk Lamp,4,28.0,0.2,112.0
51,2025-10-31,Northeast,Consumer,Office,Notebook Pack,5,12.0,0.0,60.0
52,2024-09-27,Midwest,Small Business,Electronics,Headphones,5,89.0,0.0,445.0
53,2025-09-11,Midwest,Enterprise,Electronics,Monitor,3,229.0,0.0,687.0
54,2025-05-15,Midwest,Consumer,Home,Desk Lamp,1,31.5,0.1,31.5
55,2024-01-04,West,Enterprise,Home,Desk Lamp,3,35.0,0.0,105.0
56,2025-12-23,Northeast,Enterprise,Home,Blender,3,65.0,0.0,195.0
57,2024-06-01,Southeast,Small Business,Office,Notebook Pack,3,9.6,0.2,28.8
58,2024-05-10,Midwest,Consumer,Electronics,Keyboard,3,59.0,0.0,177.0
59,2025-11-29,West,Enterprise,Electronics,Monitor,3,229.0,0.0,687.0
60,2024-06-07,Northeast,Consumer,Electronics,Headphones,2,80.1,0.1,160.2
61,2024-12-06,Southeast,Enterprise,Home,Blender,4,65.0,0.0,260.0
62,2024-04-20,Southeast,Small Business,Home,Desk Lamp,4,35.0,0.0,140.0
63,2024-12-24,Southeast,Small Business,Home,Desk Lamp,4,35.0,0.0,140.0
64,2024-12-02,West,Enterprise,Home,Desk Lamp,5,35.0,0.0,175.0
65,2025-07-03,Southeast,Enterprise,Home,Desk Lamp,1,35.0,0.0,35.0
66,2024-09-28,Midwest,Enterprise,Electronics,Headphones,5,80.1,0.1,400.5
67,2024-11-17,West,Enterprise,Home,Blender,7,65.0,0.0,455.0
68,2024-07-13,Southeast,Small Business,Home,Desk Lamp,4,35.0,0.0,140.0
69,2025-03-17,Midwest,Enterprise,Electronics,Monitor,3,183.2,0.2,549.6
70,2024-05-07,West,Small Business,Office,Desk Chair,5,189.0,0.0,945.0
71,2025-02-16,Southeast,Small Business,Office,Desk Chair,5,189.0,0.0,945.0
72,2025-11-11,Midwest,Small Business,Home,Blender,4,52.0,0.2,208.0
73,2025-07-15,West,Enterprise,Electronics,Keyboard,3,59.0,0.0,177.0
74,2025-09-13,West,Enterprise,Office,Desk Chair,4,170.1,0.1,680.4
75,2024-08-06,Midwest,Enterprise,Office,Desk Chair,2,189.0,0.0,378.0
76,2025-11-10,Southeast,Enterprise,Office,Pen Set,5,9.0,0.0,45.0
77,2024-11-13,Northeast,Consumer,Electronics,Headphones,4,89.0,0.0,356.0
78,2025-05-01,Southeast,Enterprise,Office,Notebook Pack,4,10.8,0.1,43.2
79,2025-12-14,Southeast,Enterprise,Home,Coffee Maker,6,79.0,0.0,474.0
80,2025-12-05,Southeast,Enterprise,Electronics,Headphones,6,89.0,0.0,534.0
81,2025-06-14,Northeast,Small Business,Home,Desk Lamp,5,35.0,0.0,175.0
82,2024-05-16,Midwest,Small Business,Home,Blender,5,52.0,0.2,260.0
83,2025-09-19,West,Consumer,Office,Pen Set,4,7.2,0.2,28.8
84,2025-05-01,West,Enterprise,Home,Coffee Maker,2,79.0,0.0,158.0
85,2024-09-01,Southeast,Small Business,Home,Coffee Maker,1,79.0,0.0,79.0
86,2024-12-09,Southeast,Consumer,Home,Blender,3,65.0,0.0,195.0
87,2025-01-27,West,Small Business,Office,Notebook Pack,2,12.0,0.0,24.0
88,2024-12-04,Southeast,Small Business,Office,Desk Chair,6,189.0,0.0,1134.0
89,2025-02-02,West,Small Business,Office,Pen Set,1,7.2,0.2,7.2
90,2024-01-07,Southeast,Small Business,Home,Coffee Maker,4,71.1,0.1,284.4
91,2024-08-12,West,Small Business,Home,Coffee Maker,4,79.0,0.0,316.0
92,2025-11-15,Southeast,Enterprise,Office,Desk Chair,4,170.1,0.1,680.4
93,2025-06-30,Northeast,Consumer,Electronics,Keyboard,5,47.2,0.2,236.0
94,2025-10-20,Northeast,Small Business,Home,Desk Lamp,4,35.0,0.0,140.0
95,2025-01-23,Midwest,Small Business,Home,Desk Lamp,4,35.0,0.0,140.0
96,2024-10-11,Northeast,Enterprise,Home,Coffee Maker,1,71.1,0.1,71.1
97,2025-07-06,Northeast,Consumer,Electronics,Keyboard,2,59.0,0.0,118.0
98,2024-09-10,Southeast,Consumer,Electronics,Headphones,5,89.0,0.0,445.0
99,2025-04-29,West,Enterprise,Office,Notebook Pack,5,12.0,0.0,60.0
100,2024-09-19,Northeast,Consumer,Home,Desk Lamp,5,28.0,0.2,140.0
101,2024-11-14,West,Small Business,Electronics,Monitor,3,229.0,0.0,687.0
102,2024-07-22,Midwest,Enterprise,Electronics,Monitor,2,229.0,0.0,458.0
103,2025-09-06,West,Enterprise,Electronics,Monitor,1,229.0,0.0,229.0
104,2025-01-14,West,Small Business,Electronics,Monitor,3,229.0,0.0,687.0
105,2024-04-18,West,Consumer,Home,Coffee Maker,4,79.0,0.0,316.0
106,2025-06-18,West,Small Business,Office,Desk Chair,5,151.2,0.2,756.0
107,2025-03-22,Southeast,Consumer,Office,Pen Set,3,9.0,0.0,27.0
108,2024-10-12,West,Small Business,Home,Desk Lamp,4,28.0,0.2,112.0
109,2024-01-30,Southeast,Small Business,Home,Coffee Maker,2,71.1,0.1,142.2
110,2024-09-21,Northeast,Enterprise,Home,Coffee Maker,5,79.0,0.0,395.0
111,2024-07-14,Southeast,Enterprise,Electronics,Headphones,4,80.1,0.1,320.4
112,2025-05-02,Northeast,Consumer,Office,Pen Set,4,8.1,0.1,32.4
113,2024-10-28,Midwest,Small Business,Electronics,Keyboard,2,59.0,0.0,118.0
114,2025-07-20,Midwest,Small Business,Office,Desk Chair,4,151.2,0.2,604.8
115,2025-12-20,Southeast,Consumer,Home,Coffee Maker,5,79.0,0.0,395.0
116,2024-07-16,Southeast,Consumer,Home,Desk Lamp,5,35.0,0.0,175.0
117,2025-05-10,Midwest,Consumer,Home,Blender,5,52.0,0.2,260.0
118,2024-07-17,Midwest,Consumer,Home,Desk Lamp,3,35.0,0.0,105.0
119,2025-12-26,Northeast,Enterprise,Office,Notebook Pack,5,12.0,0.0,60.0
120,2024-10-26,Northeast,Enterprise,Office,Notebook Pack,4,12.0,0.0,48.0
121,2024-10-18,Southeast,Consumer,Home,Coffee Maker,4,79.0,0.0,316.0
122,2024-09-15,West,Consumer,Home,Desk Lamp,1,31.5,0.1,31.5
123,2025-08-13,Southeast,Enterprise,Office,Pen Set,1,9.0,0.0,9.0
124,2024-11-07,West,Enterprise,Electronics,Headphones,3,71.2,0.2,213.6
125,2025-09-02,West,Small Business,Office,Notebook Pack,5,10.8,0.1,54.0
126,2024-10-31,Northeast,Enterprise,Office,Desk Chair,3,151.2,0.2,453.6
127,2024-04-11,Northeast,Consumer,Electronics,Monitor,2,229.0,0.0,458.0
128,2024-09-02,Northeast,Small Business,Electronics,Monitor,1,229.0,0.0,229.0
129,2025-04-06,Northeast,Consumer,Office,Pen Set,4,9.0,0.0,36.0
130,2024-10-22,Southeast,Small Business,Office,Desk Chair,4,189.0,0.0,756.0
131,2025-10-02,Northeast,Enterprise,Office,Pen Set,2,8.1,0.1,16.2
132,2024-08-18,Northeast,Consumer,Office,Notebook Pack,3,12.0,0.0,36.0
133,2024-06-18,West,Consumer,Home,Blender,5,65.0,0.0,325.0
134,2025-04-24,West,Small Business,Office,Desk Chair,4,189.0,0.0,756.0
135,2024-03-23,Midwest,Consumer,Office,Notebook Pack,4,12.0,0.0,48.0
136,2024-04-03,Northeast,Enterprise,Electronics,Monitor,5,183.2,0.2,916.0
137,2024-10-02,West,Small Business,Office,Notebook Pack,2,10.8,0.1,21.6
138,2024-07-04,West,Small Business,Office,Desk Chair,4,189.0,0.0,756.0
139,2025-02-22,Midwest,Small Business,Home,Coffee Maker,1,79.0,0.0,79.0
140,2025-12-11,Northeast,Small Business,Home,Coffee Maker,6,63.2,0.2,379.2
141,2024-03-31,West,Enterprise,Home,Coffee Maker,3,79.0,0.0,237.0
142,2024-01-02,Northeast,Consumer,Office,Pen Set,4,8.1,0.1,32.4
143,2025-06-14,Northeast,Consumer,Home,Blender,4,58.5,0.1,234.0
144,2024-09-30,West,Consumer,Office,Notebook Pack,3,10.8,0.1,32.4
145,2024-01-30,Midwest,Enterprise,Office,Pen Set,2,9.0,0.0,18.0
146,2024-01-15,Northeast,Small Business,Office,Desk Chair,1,189.0,0.0,189.0
147,2024-04-30,Midwest,Small Business,Office,Notebook Pack,4,12.0,0.0,48.0
148,2025-05-09,Southeast,Small Business,Home,Desk Lamp,4,28.0,0.2,112.0
149,2024-07-14,Midwest,Small Business,Office,Pen Set,2,9.0,0.0,18.0
150,2024-12-14,Midwest,Enterprise,Office,Desk Chair,3,189.0,0.0,567.0
151,2025-08-16,West,Small Business,Office,Desk Chair,2,170.1,0.1,340.2
152,2024-12-06,Midwest,Consumer,Office,Pen Set,6,8.1,0.1,48.6
153,2025-12-15,West,Consumer,Electronics,Monitor,6,229.0,0.0,1374.0
154,2024-11-21,Southeast,Small Business,Office,Desk Chair,6,170.1,0.1,1020.6
155,2024-02-07,Northeast,Small Business,Electronics,Monitor,5,229.0,0.0,1145.0
156,2024-04-12,West,Enterprise,Office,Desk Chair,1,189.0,0.0,189.0
157,2024-06-07,West,Enterprise,Electronics,Keyboard,3,59.0,0.0,177.0
158,2024-03-23,Midwest,Enterprise,Home,Blender,5,58.5,0.1,292.5
159,2025-05-14,Southeast,Enterprise,Office,Notebook Pack,5,12.0,0.0,60.0
160,2025-12-01,Northeast,Enterprise,Home,Desk Lamp,3,31.5,0.1,94.5
161,2025-12-21,Northeast,Consumer,Electronics,Keyboard,4,59.0,0.0,236.0
162,2024-11-28,West,Consumer,Electronics,Keyboard,5,59.0,0.0,295.0
163,2024-09-07,Southeast,Consumer,Office,Desk Chair,5,189.0,0.0,945.0
164,2024-03-21,West,Enterprise,Office,Desk Chair,5,189.0,0.0,945.0
165,2024-05-26,Midwest,Enterprise,Electronics,Keyboard,3,53.1,0.1,159.3
166,2024-01-10,Northeast,Small Business,Home,Coffee Maker,5,79.0,0.0,395.0
167,2024-12-19,West,Small Business,Office,Desk Chair,6,189.0,0.0,1134.0
168,2024-07-22,West,Enterprise,Home,Coffee Maker,1,79.0,0.0,79.0
169,2025-01-02,West,Small Business,Office,Desk Chair,3,189.0,0.0,567.0
170,2024-01-09,West,Small Business,Office,Pen Set,1,7.2,0.2,7.2
171,2024-08-23,Midwest,Enterprise,Office,Desk Chair,2,189.0,0.0,378.0
172,2025-11-06,Midwest,Small Business,Office,Notebook Pack,3,12.0,0.0,36.0
173,2024-02-04,Midwest,Small Business,Office,Desk Chair,2,189.0,0.0,378.0
174,2025-03-01,Midwest,Enterprise,Electronics,Headphones,2,71.2,0.2,142.4
175,2025-05-28,Midwest,Enterprise,Home,Desk Lamp,3,31.5,0.1,94.5
176,2024-12-12,Southeast,Enterprise,Electronics,Keyboard,3,59.0,0.0,177.0
177,2025-11-21,West,Consumer,Home,Blender,5,65.0,0.0,325.0
178,2024-09-27,Midwest,Enterprise,Office,Notebook Pack,4,12.0,0.0,48.0
179,2025-01-25,West,Consumer,Office,Desk Chair,1,189.0,0.0,189.0
180,2025-09-26,Northeast,Enterprise,Office,Desk Chair,5,189.0,0.0,945.0
181,2025-04-20,Southeast,Consumer,Office,Desk Chair,4,189.0,0.0,756.0
182,2024-02-08,Southeast,Enterprise,Home,Coffee Maker,1,79.0,0.0,79.0
183,2024-05-18,West,Enterprise,Home,Coffee Maker,3,63.2,0.2,189.6
184,2024-06-07,West,Small Business,Home,Blender,1,58.5,0.1,58.5
185,2024-02-03,West,Consumer,Office,Desk Chair,2,170.1,0.1,340.2
186,2025-01-06,Midwest,Consumer,Electronics,Monitor,3,183.2,0.2,549.6
187,2025-02-11,Northeast,Enterprise,Home,Desk Lamp,1,31.5,0.1,31.5
188,2024-08-05,Northeast,Small Business,Office,Pen Set,5,9.0,0.0,45.0
189,2024-09-06,Southeast,Enterprise,Electronics,Monitor,2,229.0,0.0,458.0
190,2024-08-09,Northeast,Small Business,Electronics,Keyboard,2,47.2,0.2,94.4
191,2024-05-28,Northeast,Enterprise,Electronics,Monitor,3,229.0,0.0,687.0
192,2024-01-27,Midwest,Consumer,Electronics,Headphones,3,89.0,0.0,267.0
193,2024-06-27,Northeast,Enterprise,Home,Desk Lamp,2,31.5,0.1,63.0
194,2024-03-06,Northeast,Small Business,Home,Coffee Maker,3,63.2,0.2,189.6
195,2025-05-30,Midwest,Small Business,Electronics,Monitor,1,183.2,0.2,183.2
196,2025-10-20,West,Enterprise,Electronics,Headphones,4,80.1,0.1,320.4
197,2024-04-20,Northeast,Small Business,Home,Blender,4,65.0,0.0,260.0
198,2025-09-14,Midwest,Small Business,Electronics,Headphones,2,89.0,0.0,178.0
199,2025-09-03,West,Consumer,Office,Desk Chair,4,151.2,0.2,604.8
200,2025-12-19,West,Small Business,Electronics,Monitor,7,229.0,0.0,1603.0
201,2024-08-21,West,Enterprise,Home,Coffee Maker,4,71.1,0.1,284.4
202,2024-04-07,Midwest,Consumer,Home,Coffee Maker,3,79.0,0.0,237.0
203,2025-12-04,Northeast,Small Business,Home,Desk Lamp,3,35.0,0.0,105.0
204,2024-04-08,Northeast,Enterprise,Office,Pen Set,3,9.0,0.0,27.0
205,2025-07-29,Midwest,Enterprise,Office,Desk Chair,1,170.1,0.1,170.1
206,2025-03-09,Midwest,Small Business,Office,Notebook Pack,3,9.6,0.2,28.8
207,2024-04-16,West,Consumer,Office,Pen Set,2,9.0,0.0,18.0
208,2024-04-20,Midwest,Enterprise,Home,Blender,3,65.0,0.0,195.0
209,2024-08-19,Northeast,Enterprise,Home,Blender,5,52.0,0.2,260.0
210,2025-11-04,Midwest,Enterprise,Office,Desk Chair,3,189.0,0.0,567.0
211,2024-11-12,Southeast,Enterprise,Home,Coffee Maker,3,79.0,0.0,237.0
212,2025-11-04,Northeast,Enterprise,Home,Desk Lamp,4,35.0,0.0,140.0
213,2025-06-27,Midwest,Consumer,Electronics,Keyboard,4,53.1,0.1,212.4
214,2025-01-13,Northeast,Consumer,Home,Blender,3,52.0,0.2,156.0
215,2024-06-08,Midwest,Small Business,Electronics,Monitor,1,229.0,0.0,229.0
216,2025-11-08,West,Small Business,Home,Coffee Maker,7,71.1,0.1,497.7
217,2024-08-08,Northeast,Small Business,Office,Notebook Pack,3,10.8,0.1,32.4
218,2025-11-25,Midwest,Consumer,Office,Pen Set,6,7.2,0.2,43.2
219,2024-08-13,Southeast,Small Business,Home,Blender,1,65.0,0.0,65.0
220,2024-08-04,Northeast,Consumer,Electronics,Keyboard,3,59.0,0.0,177.0
221,2025-05-24,West,Enterprise,Office,Desk Chair,2,189.0,0.0,378.0
222,2025-12-21,Northeast,Small Business,Electronics,Monitor,7,229.0,0.0,1603.0
223,2024-02-13,Midwest,Enterprise,Home,Desk Lamp,4,35.0,0.0,140.0
224,2025-03-15,Northeast,Small Business,Office,Desk Chair,4,189.0,0.0,756.0
225,2024-01-22,Midwest,Consumer,Home,Desk Lamp,5,31.5,0.1,157.5
226,2025-03-23,West,Enterprise,Electronics,Headphones,4,71.2,0.2,284.8
227,2024-03-21,Midwest,Consumer,Home,Coffee Maker,3,79.0,0.0,237.0
228,2024-03-19,Southeast,Small Business,Office,Pen Set,1,7.2,0.2,7.2
229,2024-12-25,Northeast,Consumer,Office,Pen Set,4,9.0,0.0,36.0
230,2024-09-19,Northeast,Consumer,Electronics,Headphones,5,89.0,0.0,445.0
231,2025-10-05,West,Enterprise,Home,Coffee Maker,5,63.2,0.2,316.0
232,2025-08-01,Midwest,Consumer,Office,Pen Set,5,9.0,0.0,45.0
233,2025-03-26,Midwest,Enterprise,Electronics,Keyboard,4,59.0,0.0,236.0
234,2024-02-27,West,Small Business,Home,Blender,1,65.0,0.0,65.0
235,2024-02-08,Northeast,Enterprise,Electronics,Keyboard,3,59.0,0.0,177.0
236,2025-08-31,Northeast,Small Business,Office,Desk Chair,4,151.2,0.2,604.8
237,2025-08-08,West,Enterprise,Office,Notebook Pack,3,9.6,0.2,28.8
238,2024-06-03,Northeast,Enterprise,Electronics,Keyboard,1,59.0,0.0,59.0
239,2025-10-23,West,Enterprise,Electronics,Headphones,2,80.1,0.1,160.2
240,2025-06-19,Midwest,Small Business,Office,Notebook Pack,3,12.0,0.0,36.0
241,2025-02-22,Midwest,Consumer,Home,Blender,5,65.0,0.0,325.0
242,2024-12-03,Midwest,Enterprise,Electronics,Monitor,6,229.0,0.0,1374.0
243,2025-11-03,Southeast,Small Business,Office,Notebook Pack,5,12.0,0.0,60.0
244,2024-11-13,Northeast,Small Business,Office,Pen Set,6,9.0,0.0,54.0
245,2025-07-26,Northeast,Enterprise,Home,Blender,3,65.0,0.0,195.0
246,2025-11-17,Midwest,Small Business,Home,Blender,5,65.0,0.0,325.0
247,2024-07-03,Southeast,Consumer,Electronics,Keyboard,4,59.0,0.0,236.0
248,2024-06-07,Northeast,Enterprise,Electronics,Keyboard,1,47.2,0.2,47.2
249,2024-12-10,Southeast,Consumer,Office,Notebook Pack,7,10.8,0.1,75.6
250,2024-07-04,Northeast,Small Business,Office,Pen Set,2,8.1,0.1,16.2
251,2025-01-08,Midwest,Enterprise,Office,Pen Set,2,8.1,0.1,16.2
252,2025-04-04,West,Consumer,Electronics,Monitor,2,229.0,0.0,458.0
253,2025-01-11,Midwest,Small Business,Office,Pen Set,4,8.1,0.1,32.4
254,2025-05-29,Southeast,Small Business,Office,Desk Chair,2,189.0,0.0,378.0
255,2024-02-23,Northeast,Enterprise,Office,Desk Chair,3,151.2,0.2,453.6
256,2025-06-12,Midwest,Small Business,Electronics,Keyboard,1,59.0,0.0,59.0
257,2025-06-09,West,Small Business,Electronics,Keyboard,1,59.0,0.0,59.0
258,2024-01-28,Midwest,Consumer,Home,Desk Lamp,4,28.0,0.2,112.0
259,2025-01-30,Midwest,Consumer,Electronics,Keyboard,2,59.0,0.0,118.0
260,2025-10-27,Midwest,Small Business,Home,Desk Lamp,2,35.0,0.0,70.0
261,2025-12-13,Northeast,Consumer,Electronics,Monitor,6,206.1,0.1,1236.6
262,2024-01-20,West,Consumer,Home,Desk Lamp,2,28.0,0.2,56.0
263,2024-10-22,Southeast,Small Business,Electronics,Keyboard,1,59.0,0.0,59.0
264,2025-10-16,West,Enterprise,Office,Desk Chair,1,189.0,0.0,189.0
265,2025-07-02,Southeast,Enterprise,Electronics,Monitor,5,183.2,0.2,916.0
266,2024-05-27,Midwest,Consumer,Home,Coffee Maker,1,63.2,0.2,63.2
267,2025-08-07,Midwest,Consumer,Home,Desk Lamp,1,28.0,0.2,28.0
268,2025-06-22,Northeast,Small Business,Office,Pen Set,5,7.2,0.2,36.0
269,2025-04-26,Midwest,Enterprise,Electronics,Monitor,4,229.0,0.0,916.0
270,2024-01-17,Northeast,Enterprise,Home,Desk Lamp,3,35.0,0.0,105.0
271,2024-12-06,Midwest,Enterprise,Electronics,Headphones,5,71.2,0.2,356.0
272,2024-06-28,Southeast,Consumer,Office,Desk Chair,4,189.0,0.0,756.0
273,2025-04-13,Southeast,Consumer,Electronics,Keyboard,2,59.0,0.0,118.0
274,2024-11-19,West,Small Business,Home,Blender,6,52.0,0.2,312.0
275,2024-02-07,Northeast,Enterprise,Office,Notebook Pack,3,12.0,0.0,36.0
276,2024-12-05,West,Enterprise,Home,Desk Lamp,5,31.5,0.1,157.5
277,2025-03-26,West,Small Business,Home,Coffee Maker,2,71.1,0.1,142.2
278,2025-06-15,West,Enterprise,Home,Desk Lamp,4,35.0,0.0,140.0
279,2024-07-03,Northeast,Small Business,Office,Desk Chair,3,189.0,0.0,567.0
280,2025-11-07,West,Consumer,Home,Coffee Maker,6,63.2,0.2,379.2
281,2025-12-07,Midwest,Enterprise,Home,Coffee Maker,6,79.0,0.0,474.0
282,2025-03-21,West,Small Business,Home,Blender,1,65.0,0.0,65.0
283,2025-06-09,Southeast,Enterprise,Office,Pen Set,2,9.0,0.0,18.0
284,2025-11-25,Southeast,Enterprise,Home,Desk Lamp,4,35.0,0.0,140.0
285,2025-01-10,Southeast,Enterprise,Home,Coffee Maker,5,79.0,0.0,395.0
286,2025-04-05,Southeast,Enterprise,Home,Coffee Maker,4,79.0,0.0,316.0
287,2025-01-10,Northeast,Consumer,Home,Coffee Maker,3,79.0,0.0,237.0
288,2024-07-09,Northeast,Small Business,Home,Blender,4,52.0,0.2,208.0
289,2024-09-23,Midwest,Enterprise,Office,Desk Chair,2,151.2,0.2,302.4
290,2025-05-17,West,Consumer,Electronics,Headphones,2,89.0,0.0,178.0
291,2025-03-31,Northeast,Enterprise,Electronics,Monitor,3,229.0,0.0,687.0
292,2025-07-09,Midwest,Enterprise,Home,Coffee Maker,2,79.0,0.0,158.0
293,2024-08-17,West,Consumer,Electronics,Headphones,2,89.0,0.0,178.0
294,2025-01-04,Southeast,Enterprise,Office,Pen Set,3,8.1,0.1,24.3
295,2024-03-29,West,Small Business,Electronics,Keyboard,4,53.1,0.1,212.4
296,2025-08-11,West,Small Business,Electronics,Headphones,3,89.0,0.0,267.0
297,2025-11-27,Southeast,Consumer,Office,Desk Chair,4,151.2,0.2,604.8
298,2025-03-19,Southeast,Small Business,Office,Notebook Pack,1,9.6,0.2,9.6
299,2024-06-17,Midwest,Consumer,Electronics,Keyboard,2,59.0,0.0,118.0
300,2024-09-13,Southeast,Enterprise,Electronics,Monitor,5,229.0,0.0,1145.0
301,2024-11-06,Southeast,Enterprise,Office,Pen Set,3,7.2,0.2,21.6
302,2025-08-17,Midwest,Enterprise,Electronics,Headphones,5,71.2,0.2,356.0
303,2024-02-12,Midwest,Enterprise,Electronics,Headphones,1,71.2,0.2,71.2
304,2024-08-03,West,Enterprise,Office,Desk Chair,5,189.0,0.0,945.0
305,2025-07-12,Southeast,Enterprise,Home,Blender,3,58.5,0.1,175.5
306,2025-02-19,Southeast,Small Business,Home,Coffee Maker,1,79.0,0.0,79.0
307,2025-03-01,Southeast,Small Business,Home,Coffee Maker,2,79.0,0.0,158.0
308,2024-11-22,Midwest,Enterprise,Office,Desk Chair,6,189.0,0.0,1134.0
309,2025-07-29,Northeast,Small Business,Electronics,Keyboard,2,53.1,0.1,106.2
310,2025-04-05,Midwest,Small Business,Electronics,Headphones,1,89.0,0.0,89.0
311,2025-09-22,Midwest,Consumer,Home,Desk Lamp,2,35.0,0.0,70.0
312,2024-06-12,Midwest,Small Business,Home,Blender,4,58.5,0.1,234.0
313,2024-01-24,Southeast,Consumer,Electronics,Keyboard,5,53.1,0.1,265.5
314,2025-08-20,West,Enterprise,Home,Desk Lamp,1,35.0,0.0,35.0
315,2025-10-31,Northeast,Consumer,Office,Desk Chair,3,151.2,0.2,453.6
316,2025-03-17,Midwest,Consumer,Electronics,Keyboard,3,53.1,0.1,159.3
317,2025-02-14,Midwest,Enterprise,Electronics,Monitor,5,229.0,0.0,1145.0
318,2024-10-22,Midwest,Enterprise,Electronics,Keyboard,5,53.1,0.1,265.5
319,2025-11-27,West,Small Business,Office,Notebook Pack,4,12.0,0.0,48.0
320,2024-12-13,West,Enterprise,Office,Desk Chair,4,189.0,0.0,756.0
321,2024-02-11,West,Enterprise,Electronics,Headphones,2,89.0,0.0,178.0
322,2025-04-12,Midwest,Enterprise,Electronics,Monitor,5,229.0,0.0,1145.0
323,2024-11-22,Midwest,Enterprise,Electronics,Keyboard,7,59.0,0.0,413.0
324,2025-06-05,West,Consumer,Office,Desk Chair,5,189.0,0.0,945.0
325,2025-01-12,Midwest,Enterprise,Home,Blender,1,58.5,0.1,58.5
326,2025-12-05,Midwest,Enterprise,Office,Notebook Pack,7,10.8,0.1,75.6
327,2025-08-15,West,Consumer,Office,Notebook Pack,1,9.6,0.2,9.6
328,2025-06-20,Southeast,Enterprise,Office,Pen Set,5,8.1,0.1,40.5
329,2024-09-05,Northeast,Small Business,Electronics,Monitor,1,229.0,0.0,229.0
330,2024-11-17,West,Enterprise,Home,Desk Lamp,6,35.0,0.0,210.0
331,2025-09-18,Southeast,Enterprise,Home,Blender,1,65.0,0.0,65.0
332,2024-11-28,Midwest,Consumer,Office,Desk Chair,7,170.1,0.1,1190.7
333,2025-04-15,Midwest,Enterprise,Office,Desk Chair,5,189.0,0.0,945.0
334,2025-05-10,Midwest,Consumer,Electronics,Headphones,3,71.2,0.2,213.6
335,2024-10-31,Midwest,Small Business,Home,Blender,2,58.5,0.1,117.0
336,2024-12-23,Northeast,Enterprise,Office,Pen Set,5,9.0,0.0,45.0
337,2025-11-23,Southeast,Small Business,Office,Desk Chair,6,189.0,0.0,1134.0
338,2024-02-13,West,Enterprise,Home,Blender,1,65.0,0.0,65.0
339,2024-09-19,Midwest,Enterprise,Office,Desk Chair,2,189.0,0.0,378.0
340,2025-12-13,Southeast,Consumer,Home,Desk Lamp,3,28.0,0.2,84.0
341,2024-02-21,Northeast,Consumer,Office,Pen Set,2,9.0,0.0,18.0
342,2025-02-27,Southeast,Consumer,Home,Blender,4,65.0,0.0,260.0
343,2025-07-17,Southeast,Small Business,Electronics,Keyboard,4,53.1,0.1,212.4
344,2024-11-24,Southeast,Enterprise,Home,Blender,3,65.0,0.0,195.0
345,2024-02-08,West,Small Business,Electronics,Keyboard,2,59.0,0.0,118.0
346,2024-07-09,Midwest,Enterprise,Office,Desk Chair,1,189.0,0.0,189.0
347,2025-09-09,West,Consumer,Electronics,Keyboard,3,53.1,0.1,159.3
348,2025-05-31,Midwest,Consumer,Home,Coffee Maker,2,79.0,0.0,158.0
349,2025-04-14,Midwest,Small Business,Office,Desk Chair,2,189.0,0.0,378.0
350,2025-08-04,West,Small Business,Office,Notebook Pack,2,9.6,0.2,19.2
351,2025-06-11,Southeast,Consumer,Home,Desk Lamp,4,35.0,0.0,140.0
352,2025-05-03,West,Consumer,Home,Desk Lamp,1,35.0,0.0,35.0
353,2025-04-02,Northeast,Small Business,Home,Coffee Maker,3,63.2,0.2,189.6
354,2025-10-31,Northeast,Small Business,Home,Blender,2,65.0,0.0,130.0
355,2024-11-10,Northeast,Enterprise,Electronics,Keyboard,7,59.0,0.0,413.0
356,2024-10-29,Southeast,Small Business,Home,Blender,2,65.0,0.0,130.0
357,2024-06-05,West,Enterprise,Home,Blender,5,65.0,0.0,325.0
358,2025-07-16,Northeast,Enterprise,Home,Blender,2,65.0,0.0,130.0
359,2025-04-02,Northeast,Consumer,Office,Pen Set,3,9.0,0.0,27.0
360,2025-07-14,Southeast,Consumer,Office,Notebook Pack,5,9.6,0.2,48.0
361,2024-12-01,West,Consumer,Office,Desk Chair,3,189.0,0.0,567.0
362,2025-06-06,West,Small Business,Home,Desk Lamp,4,35.0,0.0,140.0
363,2025-07-31,Northeast,Small Business,Electronics,Monitor,4,229.0,0.0,916.0
364,2024-09-17,Northeast,Consumer,Electronics,Monitor,2,183.2,0.2,366.4
365,2025-03-09,Northeast,Consumer,Home,Blender,1,52.0,0.2,52.0
366,2025-04-28,Southeast,Enterprise,Electronics,Keyboard,4,59.0,0.0,236.0
367,2025-10-23,West,Small Business,Home,Coffee Maker,4,71.1,0.1,284.4
368,2024-03-23,Midwest,Consumer,Office,Pen Set,5,9.0,0.0,45.0
369,2024-07-01,Southeast,Consumer,Office,Desk Chair,5,189.0,0.0,945.0
370,2024-01-24,West,Consumer,Home,Coffee Maker,5,71.1,0.1,355.5
371,2024-09-10,Southeast,Enterprise,Home,Coffee Maker,2,79.0,0.0,158.0
372,2024-04-25,Northeast,Consumer,Electronics,Monitor,4,183.2,0.2,732.8
373,2024-07-30,West,Enterprise,Electronics,Headphones,5,89.0,0.0,445.0
374,2025-11-19,West,Small Business,Office,Notebook Pack,4,12.0,0.0,48.0
375,2024-08-27,Midwest,Consumer,Office,Notebook Pack,1,12.0,0.0,12.0
376,2025-08-12,Southeast,Small Business,Home,Blender,5,65.0,0.0,325.0
377,2024-05-26,Midwest,Small Business,Office,Pen Set,2,8.1,0.1,16.2
378,2024-03-03,West,Consumer,Office,Pen Set,2,8.1,0.1,16.2
379,2024-12-18,Midwest,Enterprise,Office,Pen Set,6,7.2,0.2,43.2
380,2025-03-02,Southeast,Enterprise,Home,Desk Lamp,3,31.5,0.1,94.5
381,2025-04-29,West,Consumer,Electronics,Headphones,3,89.0,0.0,267.0
382,2025-07-29,Southeast,Small Business,Home,Coffee Maker,5,63.2,0.2,316.0
383,2024-09-05,West,Small Business,Home,Desk Lamp,3,35.0,0.0,105.0
384,2024-04-04,Midwest,Small Business,Office,Pen Set,2,9.0,0.0,18.0
385,2025-11-20,Southeast,Enterprise,Office,Pen Set,3,9.0,0.0,27.0
386,2025-11-18,Midwest,Small Business,Office,Notebook Pack,6,12.0,0.0,72.0
387,2024-01-16,Southeast,Enterprise,Electronics,Headphones,1,80.1,0.1,80.1
388,2025-09-10,Midwest,Small Business,Office,Notebook Pack,4,12.0,0.0,48.0
389,2025-01-24,Midwest,Small Business,Home,Blender,3,65.0,0.0,195.0
390,2025-06-09,Midwest,Consumer,Home,Coffee Maker,1,71.1,0.1,71.1
391,2025-01-14,Southeast,Enterprise,Home,Coffee Maker,1,63.2,0.2,63.2
392,2024-05-29,West,Small Business,Electronics,Keyboard,5,47.2,0.2,236.0
393,2024-06-05,Southeast,Small Business,Electronics,Keyboard,2,53.1,0.1,106.2
394,2025-07-17,West,Enterprise,Office,Pen Set,3,9.0,0.0,27.0
395,2025-10-19,Midwest,Consumer,Office,Desk Chair,4,189.0,0.0,756.0
396,2024-05-23,Northeast,Enterprise,Office,Pen Set,4,9.0,0.0,36.0
397,2024-02-04,West,Consumer,Electronics,Monitor,1,229.0,0.0,229.0
398,2025-10-07,Southeast,Enterprise,Electronics,Headphones,2,89.0,0.0,178.0
399,2025-04-11,West,Enterprise,Home,Desk Lamp,5,28.0,0.2,140.0
400,2025-05-14,West,Consumer,Electronics,Headphones,5,71.2,0.2,356.0
401,2024-01-18,Midwest,Consumer,Office,Pen Set,3,7.2,0.2,21.6
402,2025-05-29,Northeast,Consumer,Office,Pen Set,4,9.0,0.0,36.0
403,2025-06-20,Midwest,Small Business,Electronics,Headphones,2,71.2,0.2,142.4
404,2024-09-30,West,Enterprise,Home,Desk Lamp,3,31.5,0.1,94.5
405,2024-09-06,Northeast,Consumer,Office,Notebook Pack,3,12.0,0.0,36.0
406,2025-02-19,Northeast,Enterprise,Home,Coffee Maker,5,71.1,0.1,355.5
407,2024-01-10,West,Enterprise,Office,Notebook Pack,1,10.8,0.1,10.8
408,2024-12-05,Southeast,Consumer,Office,Notebook Pack,7,12.0,0.0,84.0
409,2025-12-09,Northeast,Enterprise,Office,Desk Chair,5,189.0,0.0,945.0
410,2024-10-14,Midwest,Consumer,Office,Pen Set,1,9.0,0.0,9.0
411,2024-07-31,Midwest,Consumer,Office,Notebook Pack,4,12.0,0.0,48.0
412,2025-07-31,Midwest,Small Business,Electronics,Monitor,4,183.2,0.2,732.8
413,2024-05-23,Midwest,Consumer,Office,Pen Set,1,7.2,0.2,7.2
414,2024-04-10,West,Small Business,Home,Desk Lamp,1,35.0,0.0,35.0
415,2024-01-31,Southeast,Small Business,Office,Desk Chair,4,170.1,0.1,680.4
416,2025-07-20,West,Consumer,Home,Coffee Maker,2,63.2,0.2,126.4
417,2025-09-25,Midwest,Consumer,Home,Desk Lamp,1,35.0,0.0,35.0
418,2025-01-24,Midwest,Small Business,Office,Pen Set,2,8.1,0.1,16.2
419,2024-04-19,Midwest,Small Business,Electronics,Headphones,3,80.1,0.1,240.3
420,2024-04-14,West,Enterprise,Electronics,Headphones,2,80.1,0.1,160.2
421,2025-07-22,Northeast,Small Business,Office,Desk Chair,1,189.0,0.0,189.0
422,2025-07-21,West,Consumer,Electronics,Monitor,5,229.0,0.0,1145.0
423,2024-10-25,Southeast,Enterprise,Home,Coffee Maker,1,63.2,0.2,63.2
424,2025-06-17,Southeast,Small Business,Electronics,Monitor,4,229.0,0.0,916.0
425,2024-11-04,Southeast,Small Business,Home,Coffee Maker,4,79.0,0.0,316.0
426,2024-10-09,Midwest,Small Business,Home,Coffee Maker,4,79.0,0.0,316.0
427,2024-09-09,Southeast,Small Business,Office,Pen Set,4,7.2,0.2,28.8
428,2024-04-19,Midwest,Enterprise,Electronics,Keyboard,1,53.1,0.1,53.1
429,2025-01-24,Southeast,Small Business,Home,Coffee Maker,3,71.1,0.1,213.3
430,2024-11-24,Midwest,Consumer,Office,Pen Set,4,8.1,0.1,32.4
431,2025-02-11,Southeast,Small Business,Home,Coffee Maker,4,63.2,0.2,252.8
432,2025-01-20,Southeast,Enterprise,Home,Coffee Maker,3,79.0,0.0,237.0
433,2025-07-12,West,Enterprise,Electronics,Monitor,5,229.0,0.0,1145.0
434,2024-08-02,West,Consumer,Home,Coffee Maker,1,71.1,0.1,71.1
435,2025-10-10,West,Small Business,Home,Desk Lamp,3,35.0,0.0,105.0
436,2024-03-16,West,Enterprise,Home,Blender,4,52.0,0.2,208.0
437,2025-06-02,Midwest,Enterprise,Office,Desk Chair,5,189.0,0.0,945.0
438,2025-07-03,Southeast,Enterprise,Office,Pen Set,1,9.0,0.0,9.0
439,2025-11-11,West,Small Business,Home,Desk Lamp,7,35.0,0.0,245.0
440,2025-03-16,Southeast,Enterprise,Electronics,Headphones,1,89.0,0.0,89.0
441,2025-06-15,West,Small Business,Office,Pen Set,5,9.0,0.0,45.0
442,2025-02-04,Southeast,Small Business,Home,Blender,5,52.0,0.2,260.0
443,2024-01-26,Northeast,Consumer,Home,Desk Lamp,3,31.5,0.1,94.5
444,2024-05-25,Southeast,Enterprise,Home,Coffee Maker,3,71.1,0.1,213.3
445,2025-05-09,West,Small Business,Home,Coffee Maker,1,71.1,0.1,71.1
446,2024-03-09,Midwest,Enterprise,Home,Desk Lamp,1,35.0,0.0,35.0
447,2024-04-21,Southeast,Enterprise,Office,Notebook Pack,2,9.6,0.2,19.2
448,2024-06-12,Southeast,Small Business,Home,Blender,4,58.5,0.1,234.0
449,2025-10-06,Northeast,Enterprise,Electronics,Headphones,4,80.1,0.1,320.4
450,2025-09-20,West,Consumer,Electronics,Keyboard,5,53.1,0.1,265.5
451,2025-12-22,Northeast,Enterprise,Electronics,Headphones,5,89.0,0.0,445.0
452,2024-07-10,Northeast,Small Business,Home,Coffee Maker,2,71.1,0.1,142.2
453,2025-11-17,West,Enterprise,Home,Blender,5,52.0,0.2,260.0
454,2025-02-05,West,Enterprise,Office,Notebook Pack,3,12.0,0.0,36.0
455,2024-06-25,Northeast,Enterprise,Office,Pen Set,3,7.2,0.2,21.6
456,2024-05-17,Northeast,Consumer,Home,Desk Lamp,2,35.0,0.0,70.0
457,2025-01-17,West,Enterprise,Office,Notebook Pack,5,10.8,0.1,54.0
458,2024-05-21,West,Enterprise,Office,Desk Chair,4,189.0,0.0,756.0
459,2025-07-04,Southeast,Small Business,Office,Pen Set,2,7.2,0.2,14.4
460,2024-10-22,Northeast,Small Business,Electronics,Headphones,3,80.1,0.1,240.3
461,2024-01-10,West,Small Business,Home,Desk Lamp,2,31.5,0.1,63.0
462,2025-12-02,Southeast,Consumer,Home,Coffee Maker,6,71.1,0.1,426.6
463,2025-08-01,Midwest,Consumer,Electronics,Headphones,3,89.0,0.0,267.0
464,2025-07-04,West,Enterprise,Home,Desk Lamp,4,28.0,0.2,112.0
465,2025-06-07,Midwest,Enterprise,Electronics,Monitor,1,229.0,0.0,229.0
466,2024-02-12,West,Consumer,Office,Desk Chair,5,189.0,0.0,945.0
467,2025-10-31,Midwest,Small Business,Electronics,Keyboard,1,53.1,0.1,53.1
468,2024-03-30,Midwest,Enterprise,Home,Desk Lamp,2,35.0,0.0,70.0
469,2025-09-16,Southeast,Consumer,Office,Desk Chair,2,151.2,0.2,302.4
470,2024-07-30,Midwest,Enterprise,Electronics,Monitor,3,183.2,0.2,549.6
471,2025-07-05,Midwest,Enterprise,Electronics,Keyboard,3,59.0,0.0,177.0
472,2025-11-26,Midwest,Enterprise,Electronics,Headphones,6,89.0,0.0,534.0
473,2024-05-09,Midwest,Consumer,Office,Notebook Pack,2,12.0,0.0,24.0
474,2025-11-23,Midwest,Enterprise,Home,Coffee Maker,4,63.2,0.2,252.8
475,2025-02-28,West,Enterprise,Home,Coffee Maker,1,79.0,0.0,79.0
476,2024-10-11,Midwest,Enterprise,Office,Desk Chair,4,170.1,0.1,680.4
477,2024-01-03,Northeast,Enterprise,Office,Notebook Pack,4,12.0,0.0,48.0
478,2025-02-11,Midwest,Small Business,Electronics,Keyboard,2,53.1,0.1,106.2
479,2024-10-17,West,Small Business,Home,Blender,5,65.0,0.0,325.0
480,2025-11-29,Northeast,Consumer,Electronics,Headphones,3,80.1,0.1,240.3
481,2024-06-10,Southeast,Enterprise,Home,Coffee Maker,1,71.1,0.1,71.1
482,2024-05-15,Northeast,Enterprise,Office,Desk Chair,2,189.0,0.0,378.0
483,2025-01-04,Northeast,Small Business,Home,Desk Lamp,3,35.0,0.0,105.0
484,2025-10-02,Northeast,Enterprise,Home,Blender,2,58.5,0.1,117.0
485,2024-04-07,Southeast,Enterprise,Electronics,Headphones,4,89.0,0.0,356.0
486,2024-08-19,Northeast,Enterprise,Office,Pen Set,4,9.0,0.0,36.0
487,2024-12-17,Northeast,Consumer,Electronics,Keyboard,4,53.1,0.1,212.4
488,2025-01-27,Midwest,Small Business,Electronics,Monitor,1,229.0,0.0,229.0
489,2024-11-02,Northeast,Enterprise,Electronics,Keyboard,4,59.0,0.0,236.0
490,2025-07-30,Midwest,Enterprise,Electronics,Monitor,2,206.1,0.1,412.2
491,2024-08-06,West,Consumer,Office,Pen Set,2,8.1,0.1,16.2
492,2024-03-29,West,Small Business,Electronics,Headphones,1,71.2,0.2,71.2
493,2025-03-15,Northeast,Consumer,Home,Desk Lamp,2,35.0,0.0,70.0
494,2025-07-20,Northeast,Enterprise,Office,Pen Set,5,9.0,0.0,45.0
495,2024-11-04,Southeast,Enterprise,Electronics,Monitor,7,183.2,0.2,1282.4
496,2025-02-05,West,Small Business,Home,Blender,1,65.0,0.0,65.0
497,2024-04-25,Northeast,Small Business,Electronics,Keyboard,5,59.0,0.0,295.0
498,2024-11-20,Midwest,Enterprise,Electronics,Keyboard,7,53.1,0.1,371.7
499,2025-11-30,Northeast,Consumer,Electronics,Keyboard,3,59.0,0.0,177.0
500,2024-09-25,Midwest,Enterprise,Electronics,Headphones,1,80.1,0.1,80.1
501,2025-12-30,Northeast,Enterprise,Office,Desk Chair,6,170.1,0.1,1020.6
502,2025-07-03,Northeast,Small Business,Office,Pen Set,2,9.0,0.0,18.0
503,2024-03-21,Midwest,Small Business,Office,Notebook Pack,2,9.6,0.2,19.2
504,2025-08-23,West,Enterprise,Office,Pen Set,1,9.0,0.0,9.0
505,2024-09-01,Northeast,Small Business,Electronics,Headphones,1,80.1,0.1,80.1
506,2025-09-18,Northeast,Consumer,Office,Notebook Pack,3,12.0,0.0,36.0
507,2025-12-25,West,Small Business,Electronics,Monitor,3,229.0,0.0,687.0
508,2025-06-19,Midwest,Consumer,Office,Pen Set,3,9.0,0.0,27.0
509,2024-10-02,West,Small Business,Office,Notebook Pack,1,12.0,0.0,12.0
510,2025-06-20,West,Small Business,Electronics,Keyboard,5,59.0,0.0,295.0
511,2025-06-07,Southeast,Small Business,Home,Desk Lamp,4,28.0,0.2,112.0
512,2024-06-10,Southeast,Enterprise,Home,Desk Lamp,5,35.0,0.0,175.0
513,2025-06-05,Northeast,Small Business,Electronics,Headphones,1,89.0,0.0,89.0
514,2025-01-07,West,Consumer,Home,Desk Lamp,2,35.0,0.0,70.0
515,2024-11-25,Northeast,Enterprise,Electronics,Keyboard,5,59.0,0.0,295.0
516,2025-01-16,Southeast,Enterprise,Electronics,Monitor,1,229.0,0.0,229.0
517,2024-02-17,Midwest,Small Business,Home,Desk Lamp,4,35.0,0.0,140.0
518,2024-03-29,Southeast,Small Business,Office,Desk Chair,1,189.0,0.0,189.0
519,2025-07-31,West,Small Business,Home,Blender,5,65.0,0.0,325.0
520,2025-08-28,Southeast,Consumer,Home,Desk Lamp,5,35.0,0.0,175.0
521,2025-02-23,Northeast,Small Business,Electronics,Headphones,5,89.0,0.0,445.0
522,2024-01-02,Southeast,Enterprise,Office,Desk Chair,3,189.0,0.0,567.0
523,2024-08-31,Midwest,Consumer,Home,Coffee Maker,1,79.0,0.0,79.0
524,2024-02-14,West,Enterprise,Electronics,Monitor,4,229.0,0.0,916.0
525,2024-03-27,West,Consumer,Office,Notebook Pack,5,12.0,0.0,60.0
526,2025-08-29,Southeast,Small Business,Office,Notebook Pack,4,12.0,0.0,48.0
527,2024-09-24,West,Small Business,Home,Coffee Maker,3,79.0,0.0,237.0
528,2024-08-27,Northeast,Consumer,Electronics,Headphones,2,71.2,0.2,142.4
529,2024-04-18,West,Consumer,Electronics,Keyboard,4,59.0,0.0,236.0
530,2025-07-02,West,Small Business,Home,Desk Lamp,4,35.0,0.0,140.0
531,2024-05-02,Northeast,Consumer,Electronics,Headphones,3,71.2,0.2,213.6
532,2024-12-01,West,Enterprise,Electronics,Headphones,4,89.0,0.0,356.0
533,2024-02-20,Northeast,Small Business,Office,Desk Chair,3,189.0,0.0,567.0
534,2025-04-08,Northeast,Small Business,Office,Pen Set,5,9.0,0.0,45.0
535,2024-04-14,Southeast,Consumer,Electronics,Headphones,1,89.0,0.0,89.0
536,2024-07-21,Midwest,Consumer,Home,Coffee Maker,1,63.2,0.2,63.2
537,2024-01-23,Northeast,Small Business,Electronics,Headphones,4,89.0,0.0,356.0
538,2024-05-05,West,Enterprise,Electronics,Keyboard,1,59.0,0.0,59.0
539,2025-02-08,Southeast,Small Business,Home,Desk Lamp,4,31.5,0.1,126.0
540,2024-08-07,Southeast,Consumer,Electronics,Keyboard,3,53.1,0.1,159.3
541,2025-09-20,West,Small Business,Office,Pen Set,2,9.0,0.0,18.0
542,2025-07-17,West,Consumer,Home,Desk Lamp,1,35.0,0.0,35.0
543,2025-03-05,Northeast,Small Business,Electronics,Monitor,5,229.0,0.0,1145.0
544,2025-01-02,Midwest,Small Business,Home,Blender,4,65.0,0.0,260.0
545,2024-10-03,Southeast,Consumer,Electronics,Headphones,3,71.2,0.2,213.6
546,2024-10-14,Southeast,Consumer,Electronics,Keyboard,5,59.0,0.0,295.0
547,2024-04-12,Northeast,Consumer,Electronics,Monitor,2,229.0,0.0,458.0
548,2025-08-12,Southeast,Enterprise,Home,Coffee Maker,2,79.0,0.0,158.0
549,2024-11-21,Northeast,Enterprise,Office,Pen Set,5,7.2,0.2,36.0
550,2025-12-18,Southeast,Small Business,Home,Blender,7,65.0,0.0,455.0
551,2025-07-09,Northeast,Consumer,Home,Desk Lamp,4,35.0,0.0,140.0
552,2024-08-26,West,Consumer,Office,Notebook Pack,1,9.6,0.2,9.6
553,2024-12-05,Southeast,Small Business,Office,Notebook Pack,4,12.0,0.0,48.0
554,2024-03-01,Northeast,Enterprise,Electronics,Headphones,5,89.0,0.0,445.0
555,2025-01-08,Northeast,Small Business,Electronics,Keyboard,4,47.2,0.2,188.8
556,2024-11-05,West,Enterprise,Home,Desk Lamp,4,31.5,0.1,126.0
557,2024-11-20,Midwest,Consumer,Electronics,Monitor,7,183.2,0.2,1282.4
558,2025-11-12,Midwest,Consumer,Office,Notebook Pack,6,12.0,0.0,72.0
559,2024-06-30,Northeast,Consumer,Office,Notebook Pack,5,10.8,0.1,54.0
560,2025-09-08,Northeast,Small Business,Home,Blender,2,52.0,0.2,104.0
561,2024-05-24,Midwest,Small Business,Home,Blender,1,65.0,0.0,65.0
562,2024-06-20,Northeast,Small Business,Office,Notebook Pack,3,10.8,0.1,32.4
563,2024-08-02,Midwest,Consumer,Electronics,Monitor,1,229.0,0.0,229.0
564,2024-01-02,Southeast,Small Business,Electronics,Keyboard,4,53.1,0.1,212.4
565,2025-05-19,Northeast,Small Business,Home,Coffee Maker,5,71.1,0.1,355.5
566,2025-08-14,West,Consumer,Office,Pen Set,2,9.0,0.0,18.0
567,2024-02-04,Northeast,Consumer,Home,Desk Lamp,3,35.0,0.0,105.0
568,2024-12-16,Northeast,Small Business,Electronics,Keyboard,4,59.0,0.0,236.0
569,2025-08-31,Southeast,Enterprise,Office,Desk Chair,1,170.1,0.1,170.1
570,2025-03-20,Southeast,Consumer,Electronics,Headphones,1,89.0,0.0,89.0
571,2025-02-23,Midwest,Small Business,Office,Pen Set,5,9.0,0.0,45.0
572,2024-08-31,West,Consumer,Electronics,Headphones,4,71.2,0.2,284.8
573,2024-02-25,Midwest,Enterprise,Home,Desk Lamp,4,35.0,0.0,140.0
574,2025-10-02,Northeast,Consumer,Office,Desk Chair,2,189.0,0.0,378.0
575,2024-06-23,Northeast,Small Business,Office,Desk Chair,1,170.1,0.1,170.1
576,2025-02-11,West,Consumer,Home,Coffee Maker,3,79.0,0.0,237.0
577,2025-01-14,Northeast,Small Business,Home,Coffee Maker,2,71.1,0.1,142.2
578,2025-03-26,Northeast,Consumer,Home,Coffee Maker,2,79.0,0.0,158.0
579,2025-12-14,West,Enterprise,Office,Notebook Pack,3,12.0,0.0,36.0
580,2024-08-20,West,Enterprise,Office,Notebook Pack,4,9.6,0.2,38.4
581,2025-12-04,Midwest,Consumer,Home,Blender,4,58.5,0.1,234.0
582,2025-02-08,Southeast,Consumer,Office,Notebook Pack,5,9.6,0.2,48.0
583,2025-04-04,Southeast,Consumer,Electronics,Headphones,2,89.0,0.0,178.0
584,2025-03-09,Southeast,Enterprise,Electronics,Monitor,4,229.0,0.0,916.0
585,2024-09-21,West,Enterprise,Home,Blender,1,65.0,0.0,65.0
586,2025-02-10,West,Consumer,Office,Desk Chair,3,151.2,0.2,453.6
587,2025-12-18,Northeast,Small Business,Office,Pen Set,7,8.1,0.1,56.7
588,2024-06-02,Northeast,Consumer,Electronics,Monitor,5,183.2,0.2,916.0
589,2025-07-30,West,Small Business,Electronics,Keyboard,5,59.0,0.0,295.0
590,2025-01-27,West,Consumer,Office,Desk Chair,5,151.2,0.2,756.0
591,2024-06-25,West,Consumer,Home,Coffee Maker,2,63.2,0.2,126.4
592,2025-02-09,West,Small Business,Home,Blender,2,65.0,0.0,130.0
593,2025-01-16,Midwest,Small Business,Electronics,Keyboard,3,59.0,0.0,177.0
594,2025-12-13,Midwest,Enterprise,Office,Notebook Pack,4,12.0,0.0,48.0
595,2025-03-29,Northeast,Consumer,Home,Coffee Maker,4,63.2,0.2,252.8
596,2025-03-28,Midwest,Consumer,Electronics,Keyboard,4,47.2,0.2,188.8
597,2025-06-11,West,Consumer,Electronics,Headphones,3,71.2,0.2,213.6
598,2025-06-20,Southeast,Consumer,Office,Notebook Pack,2,12.0,0.0,24.0
599,2024-09-12,Southeast,Small Business,Electronics,Keyboard,1,59.0,0.0,59.0
600,2025-01-12,Northeast,Consumer,Home,Blender,4,65.0,0.0,260.0
601,2025-01-16,West,Enterprise,Home,Blender,4,65.0,0.0,260.0
602,2025-07-18,Northeast,Small Business,Home,Coffee Maker,2,79.0,0.0,158.0
603,2024-01-29,Southeast,Consumer,Home,Desk Lamp,2,28.0,0.2,56.0
604,2025-10-24,West,Enterprise,Electronics,Monitor,2,229.0,0.0,458.0
605,2024-01-21,Southeast,Enterprise,Office,Notebook Pack,4,12.0,0.0,48.0
606,2024-01-09,Midwest,Small Business,Electronics,Keyboard,5,59.0,0.0,295.0
607,2025-01-20,West,Small Business,Home,Coffee Maker,3,79.0,0.0,237.0
608,2025-11-24,Northeast,Consumer,Office,Pen Set,6,7.2,0.2,43.2
609,2025-06-07,Midwest,Small Business,Office,Desk Chair,5,151.2,0.2,756.0
610,2025-12-01,Midwest,Enterprise,Electronics,Keyboard,3,59.0,0.0,177.0
611,2024-11-28,Southeast,Enterprise,Home,Coffee Maker,5,79.0,0.0,395.0
612,2024-09-03,Southeast,Enterprise,Electronics,Monitor,4,229.0,0.0,916.0
613,2024-01-27,West,Small Business,Office,Desk Chair,3,189.0,0.0,567.0
614,2025-02-01,Southeast,Small Business,Office,Notebook Pack,5,9.6,0.2,48.0
615,2024-08-15,Midwest,Consumer,Office,Pen Set,4,9.0,0.0,36.0
616,2025-11-04,West,Consumer,Office,Notebook Pack,5,12.0,0.0,60.0
617,2024-09-21,Northeast,Consumer,Office,Pen Set,2,9.0,0.0,18.0
618,2024-12-29,Midwest,Small Business,Electronics,Monitor,5,206.1,0.1,1030.5
619,2024-09-23,West,Consumer,Office,Desk Chair,4,189.0,0.0,756.0
620,2025-10-11,West,Consumer,Office,Pen Set,5,9.0,0.0,45.0
621,2025-05-27,Midwest,Small Business,Electronics,Monitor,4,183.2,0.2,732.8
622,2024-02-25,West,Enterprise,Electronics,Headphones,2,89.0,0.0,178.0
623,2025-04-13,West,Small Business,Electronics,Keyboard,2,59.0,0.0,118.0
624,2025-10-08,West,Small Business,Electronics,Keyboard,1,59.0,0.0,59.0
625,2024-08-02,Northeast,Consumer,Electronics,Monitor,2,206.1,0.1,412.2
626,2025-09-21,West,Small Business,Home,Blender,4,58.5,0.1,234.0
627,2025-01-27,Midwest,Consumer,Electronics,Headphones,5,89.0,0.0,445.0
628,2024-11-25,Southeast,Consumer,Office,Notebook Pack,3,12.0,0.0,36.0
629,2025-12-11,West,Enterprise,Home,Coffee Maker,4,79.0,0.0,316.0
630,2025-08-25,Midwest,Small Business,Home,Desk Lamp,1,35.0,0.0,35.0
631,2025-04-11,Midwest,Small Business,Office,Pen Set,5,7.2,0.2,36.0
632,2025-12-04,Southeast,Consumer,Electronics,Keyboard,6,59.0,0.0,354.0
633,2025-02-17,Southeast,Enterprise,Electronics,Headphones,2,89.0,0.0,178.0
634,2024-01-23,Midwest,Enterprise,Office,Pen Set,2,9.0,0.0,18.0
635,2025-10-28,Northeast,Enterprise,Electronics,Keyboard,3,47.2,0.2,141.6
636,2024-02-19,Northeast,Small Business,Office,Notebook Pack,1,12.0,0.0,12.0
637,2025-03-30,West,Enterprise,Home,Desk Lamp,5,35.0,0.0,175.0
638,2024-06-05,West,Enterprise,Electronics,Monitor,1,229.0,0.0,229.0
639,2024-04-13,Southeast,Small Business,Office,Pen Set,3,7.2,0.2,21.6
640,2024-04-17,Midwest,Consumer,Office,Pen Set,5,9.0,0.0,45.0
641,2024-04-18,Midwest,Enterprise,Home,Desk Lamp,5,35.0,0.0,175.0
642,2024-07-25,Southeast,Consumer,Home,Blender,4,65.0,0.0,260.0
643,2025-07-15,Southeast,Consumer,Home,Desk Lamp,4,35.0,0.0,140.0
644,2024-01-14,West,Consumer,Office,Notebook Pack,1,9.6,0.2,9.6
645,2024-04-02,Southeast,Small Business,Office,Notebook Pack,1,12.0,0.0,12.0
646,2024-10-30,Southeast,Consumer,Home,Coffee Maker,1,79.0,0.0,79.0
647,2024-10-24,Northeast,Consumer,Home,Blender,3,58.5,0.1,175.5
648,2024-02-16,Midwest,Small Business,Electronics,Headphones,2,89.0,0.0,178.0
649,2025-09-28,Midwest,Consumer,Home,Blender,1,65.0,0.0,65.0
650,2024-04-26,West,Enterprise,Home,Coffee Maker,4,79.0,0.0,316.0
651,2025-05-04,Southeast,Enterprise,Home,Blender,2,65.0,0.0,130.0
652,2024-03-01,West,Enterprise,Electronics,Headphones,4,71.2,0.2,284.8
653,2025-11-25,Midwest,Enterprise,Home,Desk Lamp,7,31.5,0.1,220.5
654,2024-01-30,West,Consumer,Office,Pen Set,2,8.1,0.1,16.2
655,2025-02-25,Midwest,Consumer,Home,Desk Lamp,1,35.0,0.0,35.0
656,2025-12-22,Southeast,Enterprise,Office,Pen Set,7,7.2,0.2,50.4
657,2024-12-12,West,Enterprise,Office,Pen Set,7,9.0,0.0,63.0
658,2024-09-11,Northeast,Consumer,Home,Coffee Maker,4,79.0,0.0,316.0
659,2025-10-20,Southeast,Consumer,Electronics,Monitor,4,206.1,0.1,824.4
660,2025-05-18,Northeast,Enterprise,Home,Desk Lamp,3,35.0,0.0,105.0
661,2024-08-16,Southeast,Consumer,Office,Pen Set,4,8.1,0.1,32.4
662,2025-04-15,West,Small Business,Home,Blender,4,65.0,0.0,260.0
663,2024-11-19,West,Small Business,Electronics,Keyboard,3,59.0,0.0,177.0
664,2024-02-06,Midwest,Enterprise,Office,Pen Set,1,9.0,0.0,9.0
665,2025-07-29,Midwest,Consumer,Electronics,Monitor,4,229.0,0.0,916.0
666,2024-08-16,West,Enterprise,Home,Coffee Maker,5,63.2,0.2,316.0
667,2025-11-03,Northeast,Enterprise,Home,Blender,6,65.0,0.0,390.0
668,2024-08-15,Midwest,Enterprise,Electronics,Keyboard,3,59.0,0.0,177.0
669,2024-04-18,West,Consumer,Electronics,Headphones,4,89.0,0.0,356.0
670,2024-09-17,West,Consumer,Office,Notebook Pack,2,12.0,0.0,24.0
671,2025-04-13,West,Consumer,Electronics,Monitor,3,229.0,0.0,687.0
672,2025-10-10,West,Enterprise,Office,Pen Set,1,8.1,0.1,8.1
673,2025-08-26,Northeast,Enterprise,Office,Notebook Pack,4,12.0,0.0,48.0
674,2025-03-19,Southeast,Enterprise,Office,Desk Chair,5,189.0,0.0,945.0
675,2024-05-11,Midwest,Enterprise,Electronics,Keyboard,5,47.2,0.2,236.0
676,2025-01-28,West,Small Business,Home,Blender,2,65.0,0.0,130.0
677,2024-10-28,Midwest,Enterprise,Home,Desk Lamp,2,31.5,0.1,63.0
678,2025-07-14,Southeast,Consumer,Home,Blender,5,65.0,0.0,325.0
679,2025-10-01,Southeast,Enterprise,Office,Desk Chair,3,189.0,0.0,567.0
680,2025-07-09,Midwest,Enterprise,Office,Pen Set,3,9.0,0.0,27.0
681,2025-05-06,Midwest,Small Business,Office,Pen Set,4,7.2,0.2,28.8
682,2024-01-14,Southeast,Consumer,Office,Notebook Pack,1,10.8,0.1,10.8
683,2025-11-17,Midwest,Enterprise,Electronics,Headphones,5,89.0,0.0,445.0
684,2024-09-13,Northeast,Small Business,Electronics,Headphones,3,89.0,0.0,267.0
685,2025-04-08,West,Consumer,Electronics,Monitor,5,229.0,0.0,1145.0
686,2025-06-07,West,Small Business,Office,Desk Chair,1,170.1,0.1,170.1
687,2025-12-02,Midwest,Consumer,Home,Blender,3,65.0,0.0,195.0
688,2025-09-27,Southeast,Enterprise,Home,Desk Lamp,3,28.0,0.2,84.0
689,2024-07-17,Southeast,Consumer,Home,Coffee Maker,2,79.0,0.0,158.0
690,2025-06-10,Midwest,Enterprise,Electronics,Keyboard,1,53.1,0.1,53.1
691,2024-09-27,Northeast,Small Business,Electronics,Headphones,5,89.0,0.0,445.0
692,2025-04-22,Midwest,Enterprise,Office,Notebook Pack,1,12.0,0.0,12.0
693,2024-02-22,Midwest,Consumer,Office,Pen Set,3,8.1,0.1,24.3
694,2025-12-25,Northeast,Enterprise,Home,Blender,4,65.0,0.0,260.0
695,2024-06-12,Northeast,Small Business,Home,Blender,5,58.5,0.1,292.5
696,2024-08-14,Midwest,Small Business,Electronics,Monitor,3,229.0,0.0,687.0
697,2024-08-11,Northeast,Consumer,Office,Pen Set,4,7.2,0.2,28.8
698,2025-11-15,Southeast,Consumer,Home,Coffee Maker,4,63.2,0.2,252.8
699,2025-11-29,Midwest,Enterprise,Home,Coffee Maker,3,71.1,0.1,213.3
700,2024-10-16,West,Small Business,Electronics,Monitor,3,183.2,0.2,549.6
701,2024-02-14,Northeast,Consumer,Home,Blender,2,65.0,0.0,130.0
702,2024-06-20,Southeast,Enterprise,Office,Pen Set,1,9.0,0.0,9.0
703,2025-10-06,Southeast,Enterprise,Electronics,Monitor,4,229.0,0.0,916.0
704,2025-12-20,Northeast,Small Business,Office,Desk Chair,3,189.0,0.0,567.0
705,2024-12-05,Southeast,Small Business,Electronics,Headphones,3,89.0,0.0,267.0
706,2025-07-25,West,Small Business,Electronics,Monitor,2,229.0,0.0,458.0
707,2025-04-06,Northeast,Small Business,Office,Desk Chair,4,189.0,0.0,756.0
708,2025-11-20,Northeast,Enterprise,Electronics,Monitor,3,183.2,0.2,549.6
709,2025-08-22,Northeast,Small Business,Electronics,Monitor,1,229.0,0.0,229.0
710,2025-12-03,West,Small Business,Home,Blender,3,65.0,0.0,195.0
711,2025-02-08,Southeast,Consumer,Office,Notebook Pack,4,12.0,0.0,48.0
712,2025-02-04,Midwest,Consumer,Office,Desk Chair,2,189.0,0.0,378.0
713,2025-07-20,Northeast,Enterprise,Office,Notebook Pack,1,12.0,0.0,12.0
714,2025-09-02,Midwest,Consumer,Home,Blender,5,65.0,0.0,325.0
715,2024-12-18,Southeast,Consumer,Electronics,Keyboard,7,59.0,0.0,413.0
716,2024-08-14,Southeast,Enterprise,Office,Desk Chair,2,189.0,0.0,378.0
717,2025-08-03,Northeast,Small Business,Electronics,Monitor,4,183.2,0.2,732.8
718,2025-11-18,West,Small Business,Electronics,Keyboard,3,59.0,0.0,177.0
719,2024-12-31,Midwest,Enterprise,Electronics,Monitor,4,229.0,0.0,916.0
720,2024-03-12,Midwest,Enterprise,Electronics,Keyboard,4,53.1,0.1,212.4
721,2025-11-06,Midwest,Small Business,Home,Blender,7,65.0,0.0,455.0
722,2025-03-14,Southeast,Enterprise,Electronics,Headphones,3,89.0,0.0,267.0
723,2025-10-18,Midwest,Small Business,Home,Coffee Maker,3,79.0,0.0,237.0
724,2025-04-18,Northeast,Consumer,Home,Coffee Maker,3,71.1,0.1,213.3
725,2025-10-23,Southeast,Small Business,Office,Notebook Pack,3,12.0,0.0,36.0
726,2025-10-03,Northeast,Enterprise,Electronics,Monitor,1,229.0,0.0,229.0
727,2025-08-15,Midwest,Enterprise,Home,Blender,2,65.0,0.0,130.0
728,2025-07-06,West,Consumer,Home,Blender,2,65.0,0.0,130.0
729,2025-08-26,Northeast,Small Business,Office,Desk Chair,2,170.1,0.1,340.2
730,2025-01-07,Southeast,Enterprise,Office,Notebook Pack,2,9.6,0.2,19.2
731,2024-05-23,Southeast,Enterprise,Home,Desk Lamp,2,28.0,0.2,56.0
732,2025-05-10,Southeast,Consumer,Home,Desk Lamp,2,31.5,0.1,63.0
733,2024-09-27,Midwest,Small Business,Home,Desk Lamp,1,35.0,0.0,35.0
734,2025-04-25,Northeast,Enterprise,Home,Desk Lamp,1,35.0,0.0,35.0
735,2025-06-17,Southeast,Small Business,Office,Desk Chair,3,151.2,0.2,453.6
736,2025-10-31,Midwest,Small Business,Home,Coffee Maker,5,79.0,0.0,395.0
737,2024-08-16,West,Small Business,Office,Desk Chair,3,189.0,0.0,567.0
738,2025-09-10,Southeast,Consumer,Electronics,Monitor,2,206.1,0.1,412.2
739,2024-03-19,Southeast,Consumer,Office,Pen Set,3,9.0,0.0,27.0
740,2024-06-10,West,Small Business,Home,Blender,1,65.0,0.0,65.0
741,2024-04-26,Southeast,Enterprise,Home,Blender,4,58.5,0.1,234.0
742,2024-06-14,Northeast,Consumer,Office,Desk Chair,1,189.0,0.0,189.0
743,2025-08-10,Northeast,Enterprise,Office,Notebook Pack,2,9.6,0.2,19.2
744,2024-05-30,West,Enterprise,Electronics,Headphones,3,89.0,0.0,267.0
745,2025-07-31,Southeast,Small Business,Office,Notebook Pack,3,12.0,0.0,36.0
746,2025-09-13,West,Enterprise,Home,Coffee Maker,2,79.0,0.0,158.0
747,2024-05-26,Midwest,Consumer,Office,Notebook Pack,5,9.6,0.2,48.0
748,2025-12-03,Northeast,Consumer,Home,Coffee Maker,7,63.2,0.2,442.4
749,2025-01-22,Southeast,Enterprise,Home,Desk Lamp,1,35.0,0.0,35.0
750,2025-05-31,Northeast,Consumer,Office,Desk Chair,2,151.2,0.2,302.4
751,2025-05-02,Northeast,Consumer,Office,Pen Set,1,7.2,0.2,7.2
752,2025-05-08,Northeast,Enterprise,Office,Notebook Pack,5,9.6,0.2,48.0
753,2025-10-26,Northeast,Enterprise,Home,Blender,4,65.0,0.0,260.0
754,2025-06-26,Midwest,Enterprise,Home,Desk Lamp,4,31.5,0.1,126.0
755,2025-12-14,Midwest,Small Business,Office,Notebook Pack,6,12.0,0.0,72.0
756,2024-08-26,West,Small Business,Electronics,Keyboard,5,47.2,0.2,236.0
757,2024-07-12,Northeast,Enterprise,Electronics,Monitor,1,183.2,0.2,183.2
758,2024-01-08,West,Small Business,Home,Blender,2,65.0,0.0,130.0
759,2024-04-19,Midwest,Enterprise,Electronics,Keyboard,5,59.0,0.0,295.0
760,2025-03-09,West,Consumer,Office,Desk Chair,5,189.0,0.0,945.0
761,2025-02-27,Midwest,Enterprise,Office,Pen Set,4,9.0,0.0,36.0
762,2025-07-22,Midwest,Enterprise,Home,Coffee Maker,3,63.2,0.2,189.6
763,2025-02-11,West,Enterprise,Office,Notebook Pack,1,12.0,0.0,12.0
764,2024-06-14,Midwest,Enterprise,Electronics,Headphones,5,80.1,0.1,400.5
765,2025-09-20,West,Enterprise,Office,Pen Set,1,9.0,0.0,9.0
766,2024-01-06,West,Consumer,Electronics,Headphones,4,71.2,0.2,284.8
767,2024-03-06,Northeast,Enterprise,Home,Desk Lamp,3,35.0,0.0,105.0
768,2025-01-28,Northeast,Consumer,Home,Blender,5,65.0,0.0,325.0
769,2025-10-17,Midwest,Consumer,Home,Coffee Maker,1,79.0,0.0,79.0
770,2024-02-04,Southeast,Enterprise,Office,Pen Set,5,9.0,0.0,45.0
771,2024-02-06,Northeast,Small Business,Home,Desk Lamp,1,35.0,0.0,35.0
772,2025-02-13,Southeast,Enterprise,Home,Blender,4,58.5,0.1,234.0
773,2024-01-16,Midwest,Enterprise,Office,Pen Set,1,9.0,0.0,9.0
774,2025-07-26,Southeast,Enterprise,Office,Desk Chair,3,189.0,0.0,567.0
775,2024-07-18,Midwest,Consumer,Home,Coffee Maker,5,79.0,0.0,395.0
776,2025-02-20,Midwest,Small Business,Office,Notebook Pack,5,12.0,0.0,60.0
777,2024-04-29,Midwest,Enterprise,Office,Desk Chair,5,151.2,0.2,756.0
778,2025-03-29,Midwest,Small Business,Home,Blender,4,65.0,0.0,260.0
779,2025-11-28,Northeast,Small Business,Home,Blender,3,58.5,0.1,175.5
780,2024-03-10,Midwest,Small Business,Home,Blender,2,65.0,0.0,130.0
781,2024-12-27,Southeast,Small Business,Office,Pen Set,3,9.0,0.0,27.0
782,2024-04-05,Southeast,Small Business,Home,Blender,3,65.0,0.0,195.0
783,2024-11-17,Southeast,Enterprise,Home,Desk Lamp,7,35.0,0.0,245.0
784,2025-11-30,Southeast,Small Business,Electronics,Keyboard,4,59.0,0.0,236.0
785,2024-07-30,Midwest,Consumer,Electronics,Headphones,2,71.2,0.2,142.4
786,2024-04-19,Northeast,Enterprise,Electronics,Headphones,4,71.2,0.2,284.8
787,2024-02-13,West,Enterprise,Home,Coffee Maker,5,79.0,0.0,395.0
788,2024-10-08,West,Consumer,Home,Desk Lamp,5,35.0,0.0,175.0
789,2025-08-13,West,Enterprise,Electronics,Headphones,5,80.1,0.1,400.5
790,2024-02-03,West,Consumer,Office,Desk Chair,4,189.0,0.0,756.0
791,2025-12-16,Northeast,Enterprise,Office,Desk Chair,5,189.0,0.0,945.0
792,2024-08-03,Midwest,Enterprise,Home,Blender,1,65.0,0.0,65.0
793,2024-09-22,Midwest,Small Business,Electronics,Monitor,3,229.0,0.0,687.0
794,2025-09-19,West,Consumer,Home,Coffee Maker,2,71.1,0.1,142.2
795,2025-03-05,Midwest,Small Business,Office,Desk Chair,3,170.1,0.1,510.3
796,2024-07-03,Northeast,Enterprise,Office,Notebook Pack,5,12.0,0.0,60.0
797,2024-10-03,Southeast,Consumer,Electronics,Monitor,4,206.1,0.1,824.4
798,2024-06-02,West,Consumer,Home,Desk Lamp,2,31.5,0.1,63.0
799,2025-10-07,Midwest,Small Business,Office,Pen Set,3,8.1,0.1,24.3
800,2025-07-29,Southeast,Consumer,Office,Notebook Pack,4,12.0,0.0,48.0
801,2024-08-08,Midwest,Small Business,Home,Coffee Maker,1,71.1,0.1,71.1
802,2025-01-04,Midwest,Consumer,Home,Blender,5,65.0,0.0,325.0
803,2025-02-25,Southeast,Small Business,Electronics,Keyboard,5,59.0,0.0,295.0
804,2024-12-29,West,Consumer,Home,Blender,7,58.5,0.1,409.5
805,2025-01-25,Southeast,Enterprise,Office,Desk Chair,4,189.0,0.0,756.0
806,2024-12-11,West,Consumer,Home,Blender,7,52.0,0.2,364.0
807,2024-03-22,Midwest,Enterprise,Electronics,Keyboard,2,59.0,0.0,118.0
808,2024-10-25,Midwest,Small Business,Office,Desk Chair,5,170.1,0.1,850.5
809,2025-01-06,West,Consumer,Office,Pen Set,5,8.1,0.1,40.5
810,2024-07-07,Northeast,Consumer,Electronics,Headphones,2,89.0,0.0,178.0
811,2024-06-19,West,Enterprise,Home,Desk Lamp,1,35.0,0.0,35.0
812,2024-02-25,Northeast,Small Business,Electronics,Keyboard,5,59.0,0.0,295.0
813,2025-09-24,Southeast,Consumer,Electronics,Headphones,4,89.0,0.0,356.0
814,2024-10-17,Southeast,Consumer,Home,Blender,2,65.0,0.0,130.0
815,2024-02-05,West,Enterprise,Office,Desk Chair,3,170.1,0.1,510.3
816,2024-10-05,Southeast,Enterprise,Office,Desk Chair,2,151.2,0.2,302.4
817,2025-09-03,Midwest,Small Business,Home,Blender,5,58.5,0.1,292.5
818,2025-05-08,Midwest,Small Business,Office,Notebook Pack,1,10.8,0.1,10.8
819,2025-02-26,Northeast,Enterprise,Home,Desk Lamp,3,35.0,0.0,105.0
820,2024-05-19,Northeast,Enterprise,Home,Coffee Maker,4,63.2,0.2,252.8
821,2025-05-18,Midwest,Enterprise,Home,Coffee Maker,1,71.1,0.1,71.1
822,2024-08-24,West,Enterprise,Electronics,Monitor,3,229.0,0.0,687.0
823,2025-03-23,West,Consumer,Home,Desk Lamp,2,31.5,0.1,63.0
824,2024-09-26,Midwest,Small Business,Electronics,Keyboard,2,47.2,0.2,94.4
825,2025-10-26,Southeast,Consumer,Office,Pen Set,3,8.1,0.1,24.3
826,2024-07-05,West,Small Business,Electronics,Keyboard,1,53.1,0.1,53.1
827,2025-12-18,Northeast,Consumer,Office,Desk Chair,4,189.0,0.0,756.0
828,2024-02-20,Midwest,Small Business,Office,Notebook Pack,2,12.0,0.0,24.0
829,2024-05-08,Northeast,Consumer,Office,Desk Chair,1,189.0,0.0,189.0
830,2024-01-16,Midwest,Small Business,Home,Desk Lamp,3,31.5,0.1,94.5
831,2025-01-15,Northeast,Consumer,Home,Blender,1,65.0,0.0,65.0
832,2024-02-27,West,Consumer,Home,Coffee Maker,1,63.2,0.2,63.2
833,2024-07-15,Southeast,Small Business,Home,Coffee Maker,1,79.0,0.0,79.0
834,2025-03-29,West,Enterprise,Electronics,Monitor,1,229.0,0.0,229.0
835,2024-04-06,West,Enterprise,Office,Pen Set,2,8.1,0.1,16.2
836,2024-11-15,Northeast,Small Business,Home,Desk Lamp,3,28.0,0.2,84.0
837,2025-05-07,Northeast,Enterprise,Office,Desk Chair,2,189.0,0.0,378.0
838,2024-08-11,Northeast,Consumer,Electronics,Headphones,4,89.0,0.0,356.0
839,2024-10-09,Northeast,Consumer,Office,Notebook Pack,4,12.0,0.0,48.0
840,2025-08-18,Midwest,Consumer,Office,Desk Chair,5,189.0,0.0,945.0
841,2024-09-11,Midwest,Enterprise,Electronics,Keyboard,1,47.2,0.2,47.2
842,2024-03-02,Northeast,Consumer,Electronics,Keyboard,2,47.2,0.2,94.4
843,2025-05-14,West,Enterprise,Electronics,Keyboard,5,59.0,0.0,295.0
844,2024-07-16,Southeast,Small Business,Electronics,Monitor,4,229.0,0.0,916.0
845,2024-02-10,Midwest,Enterprise,Home,Blender,4,52.0,0.2,208.0
846,2025-12-14,Midwest,Small Business,Home,Desk Lamp,7,35.0,0.0,245.0
847,2025-04-24,Northeast,Enterprise,Home,Blender,5,65.0,0.0,325.0
848,2024-06-07,Midwest,Small Business,Home,Coffee Maker,3,63.2,0.2,189.6
849,2024-01-01,Northeast,Enterprise,Office,Pen Set,4,9.0,0.0,36.0
850,2025-01-07,West,Consumer,Office,Notebook Pack,3,12.0,0.0,36.0
851,2025-06-20,Midwest,Small Business,Office,Desk Chair,5,189.0,0.0,945.0
852,2025-02-23,Northeast,Consumer,Office,Desk Chair,1,189.0,0.0,189.0
853,2024-05-12,West,Consumer,Electronics,Headphones,2,89.0,0.0,178.0
854,2024-04-11,Midwest,Consumer,Electronics,Monitor,4,206.1,0.1,824.4
855,2025-01-10,Southeast,Enterprise,Electronics,Monitor,1,229.0,0.0,229.0
856,2025-05-18,West,Small Business,Electronics,Keyboard,1,59.0,0.0,59.0
857,2025-12-26,Northeast,Enterprise,Electronics,Monitor,5,183.2,0.2,916.0
858,2024-03-13,Northeast,Consumer,Home,Desk Lamp,2,28.0,0.2,56.0
859,2024-08-24,Southeast,Enterprise,Office,Desk Chair,2,189.0,0.0,378.0
860,2025-10-02,Northeast,Enterprise,Electronics,Monitor,5,206.1,0.1,1030.5
861,2025-08-13,Northeast,Consumer,Home,Blender,4,58.5,0.1,234.0
862,2024-07-03,Southeast,Enterprise,Office,Desk Chair,5,189.0,0.0,945.0
863,2025-09-06,Midwest,Small Business,Home,Coffee Maker,3,63.2,0.2,189.6
864,2025-02-26,Southeast,Enterprise,Office,Desk Chair,3,151.2,0.2,453.6
865,2025-07-12,Midwest,Small Business,Electronics,Keyboard,5,59.0,0.0,295.0
866,2025-04-03,Northeast,Enterprise,Home,Desk Lamp,1,35.0,0.0,35.0
867,2024-05-18,Southeast,Small Business,Home,Desk Lamp,3,35.0,0.0,105.0
868,2024-01-23,Southeast,Consumer,Office,Desk Chair,5,151.2,0.2,756.0
869,2024-02-08,Midwest,Small Business,Home,Coffee Maker,2,79.0,0.0,158.0
870,2025-08-19,Northeast,Enterprise,Electronics,Headphones,3,89.0,0.0,267.0
871,2025-02-13,West,Consumer,Office,Notebook Pack,1,12.0,0.0,12.0
872,2025-05-14,Midwest,Consumer,Office,Pen Set,5,9.0,0.0,45.0
873,2025-08-13,Midwest,Small Business,Home,Desk Lamp,1,35.0,0.0,35.0
874,2025-03-02,West,Consumer,Electronics,Headphones,5,89.0,0.0,445.0
875,2024-11-08,Southeast,Small Business,Office,Notebook Pack,5,9.6,0.2,48.0
876,2025-05-29,West,Small Business,Office,Notebook Pack,2,12.0,0.0,24.0
877,2025-09-01,West,Small Business,Office,Pen Set,1,9.0,0.0,9.0
878,2025-02-07,West,Enterprise,Electronics,Headphones,3,89.0,0.0,267.0
879,2024-02-20,West,Enterprise,Office,Desk Chair,3,189.0,0.0,567.0
880,2025-03-20,Southeast,Small Business,Office,Notebook Pack,2,10.8,0.1,21.6
881,2025-02-08,Southeast,Consumer,Office,Pen Set,2,7.2,0.2,14.4
882,2024-03-14,Northeast,Consumer,Home,Coffee Maker,3,63.2,0.2,189.6
883,2025-11-18,Southeast,Small Business,Home,Coffee Maker,5,79.0,0.0,395.0
884,2024-12-18,Southeast,Small Business,Office,Pen Set,3,9.0,0.0,27.0
885,2025-09-23,Northeast,Consumer,Home,Blender,2,58.5,0.1,117.0
886,2024-07-23,Northeast,Enterprise,Office,Desk Chair,2,189.0,0.0,378.0
887,2024-02-25,Northeast,Small Business,Electronics,Monitor,2,229.0,0.0,458.0
888,2025-12-11,Northeast,Small Business,Electronics,Keyboard,6,53.1,0.1,318.6
889,2024-08-02,Midwest,Enterprise,Office,Pen Set,2,9.0,0.0,18.0
890,2025-05-09,West,Enterprise,Office,Pen Set,2,9.0,0.0,18.0
891,2025-11-10,Northeast,Small Business,Office,Notebook Pack,5,12.0,0.0,60.0
892,2024-07-24,West,Enterprise,Office,Pen Set,3,9.0,0.0,27.0
893,2024-01-09,Northeast,Consumer,Electronics,Keyboard,3,59.0,0.0,177.0
894,2024-10-26,Northeast,Small Business,Office,Desk Chair,2,170.1,0.1,340.2
895,2025-05-11,Southeast,Enterprise,Office,Pen Set,1,9.0,0.0,9.0
896,2025-04-13,Southeast,Enterprise,Office,Pen Set,1,9.0,0.0,9.0
897,2024-11-08,Northeast,Small Business,Home,Coffee Maker,6,79.0,0.0,474.0
898,2025-12-01,Midwest,Consumer,Home,Coffee Maker,5,79.0,0.0,395.0
899,2025-10-02,Midwest,Consumer,Home,Coffee Maker,1,63.2,0.2,63.2
900,2024-06-04,West,Enterprise,Home,Coffee Maker,2,79.0,0.0,158.0
901,2025-11-25,Southeast,Enterprise,Office,Pen Set,4,8.1,0.1,32.4
902,2024-06-05,West,Enterprise,Home,Coffee Maker,5,79.0,0.0,395.0
903,2024-05-14,Southeast,Consumer,Electronics,Monitor,2,183.2,0.2,366.4
904,2024-11-12,West,Consumer,Office,Pen Set,7,9.0,0.0,63.0
905,2025-11-02,Northeast,Consumer,Office,Notebook Pack,5,12.0,0.0,60.0
906,2024-11-21,West,Small Business,Electronics,Monitor,3,229.0,0.0,687.0
907,2024-11-06,Southeast,Consumer,Home,Blender,5,65.0,0.0,325.0
908,2024-05-14,Midwest,Enterprise,Electronics,Headphones,5,71.2,0.2,356.0
909,2025-08-03,Southeast,Enterprise,Office,Notebook Pack,5,12.0,0.0,60.0
910,2024-01-27,West,Enterprise,Home,Desk Lamp,4,35.0,0.0,140.0
911,2025-10-27,West,Consumer,Home,Desk Lamp,4,31.5,0.1,126.0
912,2024-06-16,Northeast,Small Business,Electronics,Headphones,1,80.1,0.1,80.1
913,2025-02-26,Northeast,Consumer,Electronics,Monitor,2,229.0,0.0,458.0
914,2025-03-25,Southeast,Small Business,Office,Desk Chair,3,170.1,0.1,510.3
915,2025-02-18,West,Enterprise,Electronics,Monitor,4,229.0,0.0,916.0
916,2025-08-08,Northeast,Small Business,Office,Pen Set,5,9.0,0.0,45.0
917,2025-04-12,West,Enterprise,Electronics,Headphones,5,71.2,0.2,356.0
918,2024-02-10,Southeast,Small Business,Office,Desk Chair,5,189.0,0.0,945.0
919,2025-03-26,Southeast,Small Business,Home,Coffee Maker,3,71.1,0.1,213.3
920,2024-10-28,West,Enterprise,Office,Notebook Pack,5,12.0,0.0,60.0
921,2025-04-07,Southeast,Enterprise,Electronics,Monitor,5,229.0,0.0,1145.0
922,2025-12-13,Midwest,Small Business,Office,Notebook Pack,6,10.8,0.1,64.8
923,2024-01-26,West,Consumer,Electronics,Keyboard,5,59.0,0.0,295.0
924,2024-09-13,Northeast,Consumer,Home,Blender,2,65.0,0.0,130.0
925,2025-12-24,West,Enterprise,Home,Blender,5,65.0,0.0,325.0
926,2025-06-07,West,Consumer,Office,Notebook Pack,4,9.6,0.2,38.4
927,2024-06-23,Southeast,Consumer,Home,Blender,2,65.0,0.0,130.0
928,2025-12-30,West,Small Business,Electronics,Keyboard,5,59.0,0.0,295.0
929,2025-10-03,Northeast,Enterprise,Electronics,Headphones,2,89.0,0.0,178.0
930,2024-09-16,Northeast,Enterprise,Electronics,Keyboard,4,53.1,0.1,212.4
931,2025-05-20,West,Small Business,Electronics,Headphones,5,80.1,0.1,400.5
932,2025-03-28,Southeast,Enterprise,Electronics,Monitor,5,229.0,0.0,1145.0
933,2024-10-11,Northeast,Consumer,Office,Pen Set,5,9.0,0.0,45.0
934,2024-05-31,Southeast,Consumer,Electronics,Monitor,3,229.0,0.0,687.0
935,2025-11-14,Northeast,Consumer,Office,Pen Set,5,9.0,0.0,45.0
936,2024-04-21,Southeast,Small Business,Home,Desk Lamp,2,35.0,0.0,70.0
937,2025-08-15,Midwest,Small Business,Home,Desk Lamp,1,35.0,0.0,35.0
938,2025-01-23,Midwest,Small Business,Electronics,Keyboard,5,59.0,0.0,295.0
939,2024-05-17,West,Enterprise,Electronics,Monitor,3,229.0,0.0,687.0
940,2024-08-02,Northeast,Enterprise,Office,Notebook Pack,5,12.0,0.0,60.0
941,2025-10-06,Midwest,Small Business,Office,Notebook Pack,4,9.6,0.2,38.4
942,2025-09-15,Midwest,Consumer,Home,Coffee Maker,5,63.2,0.2,316.0
943,2025-09-21,West,Consumer,Office,Desk Chair,5,170.1,0.1,850.5
944,2025-09-16,Northeast,Consumer,Electronics,Monitor,3,229.0,0.0,687.0
945,2024-01-25,West,Small Business,Home,Blender,1,65.0,0.0,65.0
946,2024-02-16,Northeast,Enterprise,Home,Coffee Maker,5,79.0,0.0,395.0
947,2024-07-25,Midwest,Small Business,Office,Desk Chair,3,189.0,0.0,567.0
948,2025-06-02,Midwest,Small Business,Office,Desk Chair,1,189.0,0.0,189.0
949,2025-02-09,Southeast,Consumer,Office,Pen Set,5,9.0,0.0,45.0
950,2024-12-04,Northeast,Enterprise,Home,Blender,6,58.5,0.1,351.0
951,2024-05-19,Midwest,Small Business,Home,Desk Lamp,4,28.0,0.2,112.0
952,2025-02-27,Midwest,Enterprise,Office,Notebook Pack,5,12.0,0.0,60.0
953,2025-07-02,Midwest,Consumer,Electronics,Headphones,5,89.0,0.0,445.0
954,2024-06-01,Southeast,Enterprise,Home,Desk Lamp,3,31.5,0.1,94.5
955,2025-09-12,Midwest,Enterprise,Home,Desk Lamp,5,35.0,0.0,175.0
956,2024-11-18,Northeast,Small Business,Office,Notebook Pack,5,10.8,0.1,54.0
957,2024-08-31,Midwest,Consumer,Home,Coffee Maker,3,79.0,0.0,237.0
958,2024-04-24,West,Enterprise,Home,Desk Lamp,2,35.0,0.0,70.0
959,2024-01-26,Midwest,Small Business,Home,Blender,2,65.0,0.0,130.0
960,2025-06-20,Southeast,Consumer,Home,Coffee Maker,2,79.0,0.0,158.0
961,2024-02-07,Northeast,Small Business,Home,Coffee Maker,5,79.0,0.0,395.0
962,2024-02-15,West,Consumer,Office,Pen Set,1,9.0,0.0,9.0
963,2024-04-15,Midwest,Enterprise,Office,Pen Set,3,9.0,0.0,27.0
964,2024-08-02,Midwest,Enterprise,Home,Desk Lamp,2,35.0,0.0,70.0
965,2024-11-22,Southeast,Consumer,Home,Blender,3,65.0,0.0,195.0
966,2024-10-07,Northeast,Consumer,Electronics,Headphones,5,71.2,0.2,356.0
967,2025-07-09,Southeast,Enterprise,Home,Blender,3,65.0,0.0,195.0
968,2024-10-17,Midwest,Enterprise,Office,Notebook Pack,2,12.0,0.0,24.0
969,2024-12-12,Northeast,Small Business,Office,Desk Chair,3,189.0,0.0,567.0
970,2025-11-22,Northeast,Small Business,Electronics,Headphones,6,89.0,0.0,534.0
971,2025-02-05,West,Enterprise,Electronics,Monitor,5,183.2,0.2,916.0
972,2024-12-30,Northeast,Small Business,Home,Coffee Maker,4,63.2,0.2,252.8
973,2025-08-04,West,Small Business,Electronics,Headphones,4,89.0,0.0,356.0
974,2025-12-01,Southeast,Consumer,Office,Pen Set,6,8.1,0.1,48.6
975,2024-05-27,Southeast,Enterprise,Office,Desk Chair,3,170.1,0.1,510.3
976,2025-11-12,Northeast,Consumer,Home,Coffee Maker,6,71.1,0.1,426.6
977,2025-05-01,Southeast,Small Business,Electronics,Keyboard,4,53.1,0.1,212.4
978,2024-12-22,Northeast,Small Business,Office,Pen Set,4,7.2,0.2,28.8
979,2024-04-19,West,Small Business,Home,Blender,1,65.0,0.0,65.0
980,2025-08-27,Southeast,Small Business,Home,Desk Lamp,5,35.0,0.0,175.0
981,2025-01-28,West,Small Business,Electronics,Keyboard,2,47.2,0.2,94.4
982,2025-08-03,Northeast,Enterprise,Home,Blender,2,65.0,0.0,130.0
983,2025-12-29,West,Small Business,Office,Desk Chair,3,151.2,0.2,453.6
984,2025-07-22,West,Consumer,Electronics,Keyboard,2,59.0,0.0,118.0
985,2025-09-04,Midwest,Small Business,Electronics,Monitor,5,206.1,0.1,1030.5
986,2025-10-22,Southeast,Enterprise,Office,Notebook Pack,1,12.0,0.0,12.0
987,2025-10-13,Midwest,Small Business,Electronics,Headphones,2,80.1,0.1,160.2
988,2025-09-22,Midwest,Small Business,Office,Desk Chair,2,189.0,0.0,378.0
989,2025-08-06,Northeast,Enterprise,Office,Desk Chair,4,189.0,0.0,756.0
990,2024-01-09,Midwest,Consumer,Office,Pen Set,4,9.0,0.0,36.0
991,2025-01-13,Midwest,Consumer,Office,Notebook Pack,1,9.6,0.2,9.6
992,2024-10-15,West,Enterprise,Electronics,Headphones,4,71.2,0.2,284.8
993,2024-11-21,West,Enterprise,Office,Desk Chair,6,170.1,0.1,1020.6
994,2024-08-04,Southeast,Enterprise,Office,Notebook Pack,4,12.0,0.0,48.0
995,2025-01-28,Southeast,Consumer,Home,Coffee Maker,2,79.0,0.0,158.0
996,2024-01-12,West,Enterprise,Electronics,Monitor,1,229.0,0.0,229.0
997,2025-03-23,West,Enterprise,Electronics,Headphones,2,80.1,0.1,160.2
998,2025-09-10,West,Enterprise,Home,Blender,2,58.5,0.1,117.0
999,2025-04-05,West,Enterprise,Home,Coffee Maker,2,79.0,0.0,158.0
1000,2024-01-08,Midwest,Small Business,Office,Desk Chair,2,151.2,0.2,302.4
1001,2025-07-13,West,Enterprise,Office,Desk Chair,1,189.0,0.0,189.0
1002,2025-01-12,Southeast,Enterprise,Electronics,Monitor,4,229.0,0.0,916.0
1003,2025-06-23,Northeast,Consumer,Home,Coffee Maker,5,79.0,0.0,395.0
1004,2025-04-28,Midwest,Enterprise,Office,Pen Set,1,7.2,0.2,7.2
1005,2024-02-24,West,Enterprise,Home,Blender,1,58.5,0.1,58.5
1006,2025-04-25,Midwest,Small Business,Office,Pen Set,3,8.1,0.1,24.3
1007,2024-10-23,Midwest,Consumer,Electronics,Headphones,5,89.0,0.0,445.0
1008,2025-10-06,Northeast,Enterprise,Home,Blender,2,52.0,0.2,104.0
1009,2024-10-25,West,Consumer,Office,Pen Set,1,9.0,0.0,9.0
1010,2024-05-09,Southeast,Enterprise,Office,Notebook Pack,3,12.0,0.0,36.0
1011,2024-10-14,Southeast,Enterprise,Home,Coffee Maker,1,79.0,0.0,79.0
1012,2024-06-03,Midwest,Enterprise,Office,Desk Chair,3,189.0,0.0,567.0
1013,2024-08-29,Midwest,Consumer,Home,Desk Lamp,5,35.0,0.0,175.0
1014,2024-05-28,West,Consumer,Office,Notebook Pack,4,10.8,0.1,43.2
1015,2025-11-07,Midwest,Consumer,Home,Blender,4,65.0,0.0,260.0
1016,2025-10-19,West,Small Business,Home,Desk Lamp,1,35.0,0.0,35.0
1017,2025-05-02,West,Enterprise,Home,Coffee Maker,5,79.0,0.0,395.0
1018,2025-12-23,West,Consumer,Home,Coffee Maker,5,79.0,0.0,395.0
1019,2024-10-22,Northeast,Consumer,Home,Coffee Maker,3,63.2,0.2,189.6
1020,2025-06-28,Midwest,Small Business,Office,Desk Chair,4,151.2,0.2,604.8
1021,2024-10-03,West,Small Business,Home,Desk Lamp,3,28.0,0.2,84.0
1022,2025-11-22,Midwest,Enterprise,Office,Notebook Pack,7,12.0,0.0,84.0
1023,2025-12-07,Northeast,Consumer,Electronics,Keyboard,7,59.0,0.0,413.0
1024,2024-01-13,West,Small Business,Home,Desk Lamp,5,35.0,0.0,175.0
1025,2024-08-12,Northeast,Consumer,Office,Desk Chair,3,189.0,0.0,567.0
1026,2025-09-26,Northeast,Enterprise,Electronics,Headphones,5,89.0,0.0,445.0
1027,2024-05-02,Southeast,Consumer,Electronics,Monitor,2,206.1,0.1,412.2
1028,2025-12-13,Northeast,Enterprise,Electronics,Keyboard,5,53.1,0.1,265.5
1029,2025-04-09,Southeast,Consumer,Home,Coffee Maker,3,79.0,0.0,237.0
1030,2024-10-10,Northeast,Small Business,Electronics,Keyboard,4,59.0,0.0,236.0
1031,2024-09-28,Southeast,Enterprise,Electronics,Keyboard,1,53.1,0.1,53.1
1032,2025-02-06,Southeast,Enterprise,Electronics,Monitor,4,229.0,0.0,916.0
1033,2025-03-17,Midwest,Consumer,Electronics,Monitor,1,206.1,0.1,206.1
1034,2024-02-05,West,Consumer,Electronics,Headphones,5,89.0,0.0,445.0
1035,2025-05-24,West,Small Business,Electronics,Monitor,1,229.0,0.0,229.0
1036,2024-06-04,Northeast,Enterprise,Office,Desk Chair,4,151.2,0.2,604.8
1037,2025-12-25,Northeast,Enterprise,Home,Coffee Maker,6,71.1,0.1,426.6
1038,2024-08-19,Midwest,Small Business,Electronics,Keyboard,4,59.0,0.0,236.0
1039,2025-11-29,Midwest,Enterprise,Home,Coffee Maker,3,79.0,0.0,237.0
1040,2024-12-14,Southeast,Enterprise,Electronics,Keyboard,5,59.0,0.0,295.0
1041,2024-02-10,West,Consumer,Home,Blender,2,65.0,0.0,130.0
1042,2025-10-07,West,Enterprise,Office,Desk Chair,4,189.0,0.0,756.0
1043,2024-07-13,Southeast,Small Business,Electronics,Headphones,2,89.0,0.0,178.0
1044,2025-02-02,West,Consumer,Electronics,Monitor,3,206.1,0.1,618.3
1045,2024-02-07,West,Consumer,Home,Desk Lamp,3,35.0,0.0,105.0
1046,2024-08-04,Southeast,Enterprise,Office,Pen Set,5,8.1,0.1,40.5
1047,2025-08-16,West,Enterprise,Electronics,Headphones,1,89.0,0.0,89.0
1048,2024-01-20,Southeast,Consumer,Home,Blender,1,65.0,0.0,65.0
1049,2024-06-25,West,Enterprise,Office,Notebook Pack,3,12.0,0.0,36.0
1050,2024-06-23,West,Enterprise,Office,Notebook Pack,1,12.0,0.0,12.0
1051,2025-09-22,Midwest,Enterprise,Electronics,Headphones,2,80.1,0.1,160.2
1052,2025-11-25,Southeast,Small Business,Home,Coffee Maker,3,63.2,0.2,189.6
1053,2024-08-06,Northeast,Consumer,Electronics,Monitor,2,229.0,0.0,458.0
1054,2024-10-07,Southeast,Small Business,Electronics,Keyboard,2,59.0,0.0,118.0
1055,2024-09-06,West,Consumer,Office,Notebook Pack,2,12.0,0.0,24.0
1056,2024-01-17,Southeast,Consumer,Home,Desk Lamp,1,35.0,0.0,35.0
1057,2025-12-24,West,Enterprise,Office,Pen Set,5,8.1,0.1,40.5
1058,2024-05-09,West,Small Business,Electronics,Headphones,3,71.2,0.2,213.6
1059,2024-09-01,Southeast,Enterprise,Electronics,Monitor,1,183.2,0.2,183.2
1060,2025-05-26,West,Consumer,Office,Notebook Pack,3,12.0,0.0,36.0
1061,2025-07-25,Northeast,Enterprise,Electronics,Headphones,1,71.2,0.2,71.2
1062,2025-01-05,Southeast,Small Business,Office,Pen Set,2,8.1,0.1,16.2
1063,2024-02-24,West,Consumer,Electronics,Headphones,2,80.1,0.1,160.2
1064,2024-06-12,Midwest,Consumer,Office,Notebook Pack,1,12.0,0.0,12.0
1065,2025-03-21,Northeast,Consumer,Home,Coffee Maker,5,71.1,0.1,355.5
1066,2024-02-23,West,Enterprise,Office,Notebook Pack,2,12.0,0.0,24.0
1067,2024-04-28,Midwest,Small Business,Electronics,Headphones,4,71.2,0.2,284.8
1068,2024-07-22,Northeast,Small Business,Office,Pen Set,3,9.0,0.0,27.0
1069,2024-08-21,West,Consumer,Electronics,Headphones,4,89.0,0.0,356.0
1070,2024-03-16,West,Consumer,Home,Blender,4,65.0,0.0,260.0
1071,2024-08-09,Midwest,Consumer,Office,Desk Chair,2,170.1,0.1,340.2
1072,2025-04-13,Southeast,Small Business,Office,Notebook Pack,3,12.0,0.0,36.0
1073,2024-05-10,Midwest,Consumer,Electronics,Monitor,5,229.0,0.0,1145.0
1074,2024-04-23,Midwest,Consumer,Home,Coffee Maker,4,79.0,0.0,316.0
1075,2024-10-29,Southeast,Consumer,Office,Notebook Pack,5,12.0,0.0,60.0
1076,2025-02-25,West,Small Business,Office,Desk Chair,2,151.2,0.2,302.4
1077,2024-10-12,Southeast,Small Business,Electronics,Monitor,4,229.0,0.0,916.0
1078,2025-03-20,Northeast,Small Business,Office,Notebook Pack,5,12.0,0.0,60.0
1079,2024-02-15,West,Enterprise,Electronics,Keyboard,5,59.0,0.0,295.0
1080,2025-02-07,West,Consumer,Home,Blender,1,58.5,0.1,58.5
1081,2024-03-26,Southeast,Small Business,Office,Notebook Pack,4,12.0,0.0,48.0
1082,2024-10-29,West,Enterprise,Electronics,Monitor,1,229.0,0.0,229.0
1083,2024-11-08,Northeast,Small Business,Electronics,Monitor,6,183.2,0.2,1099.2
1084,2025-04-19,Midwest,Enterprise,Electronics,Monitor,4,229.0,0.0,916.0
1085,2025-04-20,West,Enterprise,Office,Pen Set,1,9.0,0.0,9.0
1086,2024-12-06,Midwest,Enterprise,Office,Notebook Pack,5,10.8,0.1,54.0
1087,2025-09-19,Midwest,Enterprise,Office,Pen Set,2,9.0,0.0,18.0
1088,2024-02-26,Northeast,Small Business,Office,Pen Set,3,9.0,0.0,27.0
1089,2025-01-09,Midwest,Consumer,Home,Blender,1,65.0,0.0,65.0
1090,2025-10-25,Southeast,Consumer,Office,Pen Set,1,7.2,0.2,7.2
1091,2024-12-08,Southeast,Enterprise,Electronics,Monitor,3,206.1,0.1,618.3
1092,2024-08-18,West,Small Business,Home,Coffee Maker,3,63.2,0.2,189.6
1093,2024-02-25,West,Enterprise,Electronics,Keyboard,3,53.1,0.1,159.3
1094,2025-06-23,Midwest,Small Business,Electronics,Keyboard,5,47.2,0.2,236.0
1095,2025-09-27,West,Consumer,Home,Blender,1,65.0,0.0,65.0
1096,2024-03-23,Northeast,Consumer,Home,Desk Lamp,3,35.0,0.0,105.0
1097,2024-10-09,Southeast,Consumer,Electronics,Monitor,2,206.1,0.1,412.2
1098,2025-06-17,Southeast,Small Business,Office,Notebook Pack,3,10.8,0.1,32.4
1099,2024-12-21,Southeast,Consumer,Home,Coffee Maker,3,79.0,0.0,237.0
1100,2024-01-23,Midwest,Enterprise,Electronics,Monitor,3,206.1,0.1,618.3
1101,2025-10-23,West,Small Business,Home,Coffee Maker,5,63.2,0.2,316.0
1102,2024-11-07,Midwest,Consumer,Office,Notebook Pack,5,12.0,0.0,60.0
1103,2025-05-10,Midwest,Small Business,Home,Coffee Maker,1,79.0,0.0,79.0
1104,2025-04-11,Midwest,Consumer,Electronics,Monitor,2,183.2,0.2,366.4
1105,2024-06-28,Southeast,Consumer,Office,Pen Set,2,9.0,0.0,18.0
1106,2024-02-12,Midwest,Small Business,Home,Blender,2,58.5,0.1,117.0
1107,2024-07-07,Midwest,Consumer,Electronics,Monitor,1,229.0,0.0,229.0
1108,2025-01-16,Midwest,Consumer,Home,Blender,2,52.0,0.2,104.0
1109,2024-01-26,Midwest,Consumer,Home,Coffee Maker,2,71.1,0.1,142.2
1110,2024-01-05,Midwest,Small Business,Office,Pen Set,5,9.0,0.0,45.0
1111,2024-10-23,West,Small Business,Office,Pen Set,2,7.2,0.2,14.4
1112,2025-12-06,Southeast,Enterprise,Electronics,Monitor,6,229.0,0.0,1374.0
1113,2025-07-18,Southeast,Small Business,Electronics,Keyboard,1,53.1,0.1,53.1
1114,2024-12-31,Southeast,Enterprise,Electronics,Keyboard,3,47.2,0.2,141.6
1115,2025-06-23,Northeast,Enterprise,Electronics,Keyboard,2,59.0,0.0,118.0
1116,2025-04-01,West,Consumer,Office,Pen Set,1,7.2,0.2,7.2
1117,2025-05-17,Northeast,Enterprise,Home,Blender,5,52.0,0.2,260.0
1118,2025-01-04,West,Small Business,Home,Desk Lamp,4,35.0,0.0,140.0
1119,2024-01-13,West,Enterprise,Home,Coffee Maker,3,79.0,0.0,237.0
1120,2024-03-30,West,Small Business,Electronics,Monitor,4,206.1,0.1,824.4
1121,2024-06-16,Northeast,Consumer,Office,Desk Chair,4,189.0,0.0,756.0
1122,2024-07-31,Northeast,Enterprise,Home,Coffee Maker,5,79.0,0.0,395.0
1123,2025-01-19,West,Consumer,Electronics,Headphones,4,89.0,0.0,356.0
1124,2025-07-23,Southeast,Consumer,Home,Blender,5,65.0,0.0,325.0
1125,2025-01-25,Midwest,Enterprise,Home,Blender,4,65.0,0.0,260.0
1126,2024-11-07,Northeast,Consumer,Home,Blender,6,65.0,0.0,390.0
1127,2024-06-06,Midwest,Small Business,Home,Coffee Maker,4,79.0,0.0,316.0
1128,2024-07-02,Northeast,Small Business,Home,Blender,2,65.0,0.0,130.0
1129,2025-05-19,West,Enterprise,Electronics,Monitor,3,183.2,0.2,549.6
1130,2025-03-22,Midwest,Enterprise,Home,Blender,4,65.0,0.0,260.0
1131,2025-08-12,Northeast,Consumer,Electronics,Keyboard,2,47.2,0.2,94.4
1132,2024-11-23,Southeast,Consumer,Home,Blender,4,65.0,0.0,260.0
1133,2024-10-06,Midwest,Small Business,Home,Coffee Maker,3,79.0,0.0,237.0
1134,2025-06-26,Southeast,Consumer,Office,Notebook Pack,5,12.0,0.0,60.0
1135,2025-09-05,Midwest,Small Business,Electronics,Monitor,3,229.0,0.0,687.0
1136,2025-12-02,Midwest,Consumer,Office,Pen Set,5,9.0,0.0,45.0
1137,2024-01-14,West,Small Business,Electronics,Monitor,3,229.0,0.0,687.0
1138,2024-12-14,Southeast,Consumer,Electronics,Headphones,4,89.0,0.0,356.0
1139,2025-07-26,Northeast,Small Business,Office,Pen Set,5,7.2,0.2,36.0
1140,2025-04-16,West,Small Business,Electronics,Headphones,2,89.0,0.0,178.0
1141,2024-11-15,Midwest,Consumer,Office,Desk Chair,4,170.1,0.1,680.4
1142,2025-12-27,Southeast,Enterprise,Home,Desk Lamp,3,35.0,0.0,105.0
1143,2024-05-25,Southeast,Consumer,Office,Notebook Pack,3,12.0,0.0,36.0
1144,2024-03-21,Northeast,Small Business,Home,Blender,1,65.0,0.0,65.0
1145,2025-03-17,Northeast,Small Business,Electronics,Headphones,1,89.0,0.0,89.0
1146,2024-05-01,Northeast,Consumer,Home,Desk Lamp,1,35.0,0.0,35.0
1147,2024-05-06,Southeast,Enterprise,Office,Notebook Pack,5,12.0,0.0,60.0
1148,2024-12-25,Midwest,Small Business,Electronics,Headphones,4,89.0,0.0,356.0
1149,2024-06-13,Northeast,Consumer,Office,Pen Set,5,9.0,0.0,45.0
1150,2025-08-15,Midwest,Consumer,Electronics,Monitor,2,229.0,0.0,458.0
1151,2025-07-04,West,Small Business,Electronics,Monitor,1,229.0,0.0,229.0
1152,2025-12-15,Southeast,Small Business,Office,Notebook Pack,6,12.0,0.0,72.0
1153,2025-01-23,West,Consumer,Home,Desk Lamp,5,35.0,0.0,175.0
1154,2024-11-17,Southeast,Small Business,Electronics,Keyboard,3,47.2,0.2,141.6
1155,2025-01-04,Northeast,Small Business,Office,Desk Chair,5,189.0,0.0,945.0
1156,2025-05-20,Midwest,Enterprise,Electronics,Keyboard,3,53.1,0.1,159.3
1157,2025-03-30,West,Consumer,Electronics,Monitor,4,229.0,0.0,916.0
1158,2024-03-12,Northeast,Enterprise,Home,Blender,3,65.0,0.0,195.0
1159,2025-05-18,Northeast,Consumer,Office,Notebook Pack,4,10.8,0.1,43.2
1160,2024-05-26,Southeast,Consumer,Home,Coffee Maker,5,79.0,0.0,395.0
1161,2025-01-07,West,Consumer,Electronics,Keyboard,2,47.2,0.2,94.4
1162,2024-08-26,Midwest,Enterprise,Home,Blender,4,65.0,0.0,260.0
1163,2025-02-13,West,Enterprise,Home,Coffee Maker,5,71.1,0.1,355.5
1164,2024-10-12,Midwest,Small Business,Electronics,Keyboard,1,59.0,0.0,59.0
1165,2025-05-24,Northeast,Enterprise,Electronics,Monitor,2,229.0,0.0,458.0
1166,2024-02-24,West,Enterprise,Electronics,Keyboard,1,59.0,0.0,59.0
1167,2025-11-26,Northeast,Consumer,Home,Desk Lamp,5,28.0,0.2,140.0
1168,2025-11-07,Midwest,Enterprise,Office,Desk Chair,6,189.0,0.0,1134.0
1169,2025-05-24,Midwest,Enterprise,Home,Blender,3,52.0,0.2,156.0
1170,2025-07-13,West,Small Business,Electronics,Headphones,4,89.0,0.0,356.0
1171,2024-11-18,Northeast,Consumer,Home,Coffee Maker,6,79.0,0.0,474.0
1172,2025-07-24,West,Consumer,Office,Desk Chair,2,170.1,0.1,340.2
1173,2024-11-15,West,Enterprise,Office,Desk Chair,6,189.0,0.0,1134.0
1174,2025-07-21,West,Enterprise,Office,Pen Set,5,8.1,0.1,40.5
1175,2024-06-09,West,Enterprise,Office,Notebook Pack,4,12.0,0.0,48.0
1176,2025-01-21,Midwest,Consumer,Office,Pen Set,3,9.0,0.0,27.0
1177,2024-01-29,Midwest,Enterprise,Office,Notebook Pack,2,12.0,0.0,24.0
1178,2025-08-20,Northeast,Small Business,Electronics,Monitor,3,206.1,0.1,618.3
1179,2024-12-19,Southeast,Consumer,Home,Coffee Maker,5,79.0,0.0,395.0
1180,2024-08-28,Northeast,Small Business,Office,Desk Chair,5,189.0,0.0,945.0
1181,2024-04-27,Midwest,Consumer,Home,Desk Lamp,1,28.0,0.2,28.0
1182,2025-04-16,West,Small Business,Office,Desk Chair,5,151.2,0.2,756.0
1183,2024-01-21,Midwest,Small Business,Office,Desk Chair,5,189.0,0.0,945.0
1184,2025-08-07,West,Consumer,Home,Coffee Maker,5,79.0,0.0,395.0
1185,2025-12-08,Midwest,Consumer,Office,Notebook Pack,5,10.8,0.1,54.0
1186,2025-09-21,West,Enterprise,Home,Coffee Maker,4,79.0,0.0,316.0
1187,2024-03-18,Northeast,Small Business,Office,Notebook Pack,3,12.0,0.0,36.0
1188,2025-08-10,Northeast,Enterprise,Home,Desk Lamp,5,35.0,0.0,175.0
1189,2024-12-10,West,Small Business,Home,Desk Lamp,7,28.0,0.2,196.0
1190,2024-08-02,Midwest,Small Business,Home,Desk Lamp,3,28.0,0.2,84.0
1191,2025-11-10,West,Small Business,Office,Desk Chair,4,170.1,0.1,680.4
1192,2025-10-01,Northeast,Enterprise,Office,Desk Chair,5,189.0,0.0,945.0
1193,2025-12-21,Southeast,Enterprise,Office,Notebook Pack,7,10.8,0.1,75.6
1194,2025-04-23,West,Enterprise,Home,Blender,5,52.0,0.2,260.0
1195,2025-10-03,West,Consumer,Electronics,Monitor,2,229.0,0.0,458.0
1196,2024-09-03,West,Small Business,Electronics,Monitor,3,206.1,0.1,618.3
1197,2024-03-06,Midwest,Enterprise,Office,Notebook Pack,4,12.0,0.0,48.0
1198,2024-06-13,West,Consumer,Home,Blender,5,65.0,0.0,325.0
1199,2024-04-26,Midwest,Small Business,Electronics,Headphones,1,89.0,0.0,89.0
1200,2025-05-12,Southeast,Consumer,Office,Desk Chair,4,189.0,0.0,756.0
1201,2024-10-06,Southeast,Enterprise,Electronics,Headphones,3,89.0,0.0,267.0
1202,2024-02-13,Northeast,Small Business,Office,Desk Chair,1,189.0,0.0,189.0
1203,2025-09-08,Northeast,Small Business,Home,Desk Lamp,4,35.0,0.0,140.0
1204,2024-05-23,Northeast,Enterprise,Electronics,Headphones,5,71.2,0.2,356.0
1205,2025-11-11,Northeast,Consumer,Office,Pen Set,5,8.1,0.1,40.5
1206,2025-09-06,West,Enterprise,Electronics,Keyboard,3,47.2,0.2,141.6
1207,2024-08-29,Southeast,Consumer,Home,Desk Lamp,2,35.0,0.0,70.0
1208,2024-10-08,Northeast,Small Business,Home,Coffee Maker,3,63.2,0.2,189.6
1209,2025-06-30,West,Small Business,Home,Blender,1,65.0,0.0,65.0
1210,2025-11-30,West,Enterprise,Electronics,Keyboard,4,59.0,0.0,236.0
1211,2025-01-11,Northeast,Enterprise,Home,Desk Lamp,5,35.0,0.0,175.0
1212,2025-11-18,Midwest,Enterprise,Electronics,Keyboard,7,53.1,0.1,371.7
1213,2025-12-18,Southeast,Small Business,Home,Blender,3,52.0,0.2,156.0
1214,2025-02-01,Northeast,Consumer,Electronics,Keyboard,3,59.0,0.0,177.0
1215,2024-10-31,West,Consumer,Electronics,Headphones,4,89.0,0.0,356.0
1216,2024-10-07,Midwest,Enterprise,Electronics,Keyboard,4,53.1,0.1,212.4
1217,2025-03-08,Northeast,Small Business,Electronics,Headphones,3,71.2,0.2,213.6
1218,2025-03-06,West,Enterprise,Office,Pen Set,5,9.0,0.0,45.0
1219,2024-01-29,Southeast,Consumer,Electronics,Monitor,2,206.1,0.1,412.2
1220,2025-02-14,Northeast,Consumer,Electronics,Monitor,3,229.0,0.0,687.0
1221,2024-06-10,West,Small Business,Electronics,Monitor,2,183.2,0.2,366.4
1222,2025-04-07,Southeast,Enterprise,Home,Blender,2,65.0,0.0,130.0
1223,2025-08-30,West,Small Business,Home,Coffee Maker,2,79.0,0.0,158.0
1224,2024-07-05,Northeast,Consumer,Home,Coffee Maker,5,79.0,0.0,395.0
1225,2025-07-25,West,Consumer,Office,Pen Set,2,9.0,0.0,18.0
1226,2024-09-25,West,Enterprise,Office,Notebook Pack,1,10.8,0.1,10.8
1227,2024-09-23,Northeast,Consumer,Electronics,Headphones,3,89.0,0.0,267.0
1228,2025-06-22,Southeast,Enterprise,Home,Coffee Maker,4,79.0,0.0,316.0
1229,2024-07-27,West,Consumer,Electronics,Keyboard,3,53.1,0.1,159.3
1230,2025-03-17,Southeast,Small Business,Electronics,Monitor,2,229.0,0.0,458.0
1231,2024-07-03,Midwest,Consumer,Home,Desk Lamp,1,35.0,0.0,35.0
1232,2025-09-24,West,Consumer,Home,Desk Lamp,3,28.0,0.2,84.0
1233,2024-01-11,Southeast,Enterprise,Home,Desk Lamp,3,31.5,0.1,94.5
1234,2025-01-27,Northeast,Consumer,Office,Desk Chair,5,189.0,0.0,945.0
1235,2025-07-24,West,Small Business,Electronics,Headphones,3,89.0,0.0,267.0
1236,2025-09-12,Midwest,Enterprise,Office,Pen Set,1,9.0,0.0,9.0
1237,2025-09-26,Southeast,Enterprise,Home,Coffee Maker,4,79.0,0.0,316.0
1238,2024-02-12,West,Small Business,Office,Notebook Pack,3,12.0,0.0,36.0
1239,2025-04-24,West,Consumer,Electronics,Headphones,3,71.2,0.2,213.6
1240,2024-09-23,West,Small Business,Electronics,Keyboard,1,59.0,0.0,59.0
1241,2025-01-04,Midwest,Enterprise,Home,Coffee Maker,3,63.2,0.2,189.6
1242,2024-11-16,Southeast,Enterprise,Home,Desk Lamp,5,31.5,0.1,157.5
1243,2025-11-04,Southeast,Consumer,Office,Desk Chair,3,189.0,0.0,567.0
1244,2024-08-23,Southeast,Enterprise,Electronics,Headphones,4,89.0,0.0,356.0
1245,2025-04-23,West,Small Business,Home,Desk Lamp,4,35.0,0.0,140.0
1246,2025-12-27,Northeast,Enterprise,Office,Desk Chair,6,170.1,0.1,1020.6
1247,2024-05-31,Midwest,Consumer,Electronics,Keyboard,1,59.0,0.0,59.0
1248,2024-06-21,Southeast,Enterprise,Office,Pen Set,3,7.2,0.2,21.6
1249,2024-01-05,Northeast,Consumer,Office,Pen Set,2,8.1,0.1,16.2
1250,2025-05-25,Midwest,Enterprise,Office,Notebook Pack,3,12.0,0.0,36.0
1251,2025-11-27,Northeast,Small Business,Electronics,Keyboard,5,47.2,0.2,236.0
1252,2024-06-06,West,Enterprise,Electronics,Headphones,4,80.1,0.1,320.4
1253,2024-10-02,Northeast,Enterprise,Office,Pen Set,1,9.0,0.0,9.0
1254,2025-09-29,Southeast,Consumer,Home,Coffee Maker,5,79.0,0.0,395.0
1255,2025-10-21,West,Consumer,Home,Coffee Maker,1,79.0,0.0,79.0
1256,2025-02-12,Northeast,Consumer,Home,Desk Lamp,2,31.5,0.1,63.0
1257,2024-08-01,Southeast,Consumer,Electronics,Keyboard,4,59.0,0.0,236.0
1258,2024-11-01,Southeast,Small Business,Home,Coffee Maker,5,63.2,0.2,316.0
1259,2025-11-12,West,Small Business,Electronics,Keyboard,7,59.0,0.0,413.0
1260,2025-02-01,West,Consumer,Home,Coffee Maker,5,63.2,0.2,316.0
1261,2025-03-08,West,Consumer,Home,Blender,2,58.5,0.1,117.0
1262,2024-02-11,Southeast,Small Business,Office,Desk Chair,4,189.0,0.0,756.0
1263,2025-06-23,Midwest,Small Business,Office,Pen Set,5,9.0,0.0,45.0
1264,2025-03-23,Southeast,Enterprise,Electronics,Keyboard,3,59.0,0.0,177.0
1265,2024-11-03,Northeast,Enterprise,Electronics,Monitor,6,229.0,0.0,1374.0
1266,2024-03-19,West,Small Business,Electronics,Monitor,1,183.2,0.2,183.2
1267,2024-04-06,Midwest,Small Business,Home,Blender,5,65.0,0.0,325.0
1268,2025-08-22,West,Consumer,Electronics,Monitor,1,229.0,0.0,229.0
1269,2024-07-05,Midwest,Small Business,Home,Desk Lamp,1,31.5,0.1,31.5
1270,2025-08-24,Midwest,Small Business,Office,Desk Chair,4,151.2,0.2,604.8
1271,2024-07-10,Midwest,Enterprise,Electronics,Headphones,1,71.2,0.2,71.2
1272,2024-04-18,West,Consumer,Home,Blender,1,65.0,0.0,65.0
1273,2024-01-14,West,Enterprise,Electronics,Monitor,4,206.1,0.1,824.4
1274,2025-09-08,Midwest,Enterprise,Office,Desk Chair,3,151.2,0.2,453.6
1275,2025-11-20,Northeast,Consumer,Office,Pen Set,6,9.0,0.0,54.0
1276,2024-05-18,Southeast,Consumer,Electronics,Headphones,1,89.0,0.0,89.0
1277,2024-08-02,West,Enterprise,Home,Blender,2,65.0,0.0,130.0
1278,2025-07-05,Southeast,Small Business,Electronics,Headphones,3,80.1,0.1,240.3
1279,2025-03-08,West,Small Business,Electronics,Headphones,2,89.0,0.0,178.0
1280,2025-04-27,Southeast,Small Business,Electronics,Keyboard,5,59.0,0.0,295.0
1281,2025-08-06,Northeast,Enterprise,Home,Desk Lamp,3,35.0,0.0,105.0
1282,2025-03-18,Midwest,Consumer,Home,Coffee Maker,5,63.2,0.2,316.0
1283,2025-05-14,West,Consumer,Home,Coffee Maker,5,63.2,0.2,316.0
1284,2024-03-03,Midwest,Enterprise,Office,Notebook Pack,4,9.6,0.2,38.4
1285,2024-03-06,Northeast,Small Business,Home,Blender,4,58.5,0.1,234.0
1286,2025-09-29,Northeast,Consumer,Office,Desk Chair,4,170.1,0.1,680.4
1287,2024-10-21,West,Consumer,Office,Notebook Pack,4,12.0,0.0,48.0
1288,2025-06-03,West,Consumer,Electronics,Monitor,3,183.2,0.2,549.6
1289,2024-10-27,Midwest,Small Business,Office,Pen Set,4,8.1,0.1,32.4
1290,2024-06-14,West,Consumer,Office,Notebook Pack,3,12.0,0.0,36.0
1291,2024-06-26,Northeast,Small Business,Electronics,Headphones,5,80.1,0.1,400.5
1292,2025-05-20,Northeast,Consumer,Home,Desk Lamp,2,28.0,0.2,56.0
1293,2025-01-02,Northeast,Consumer,Home,Coffee Maker,2,79.0,0.0,158.0
1294,2024-12-11,Northeast,Enterprise,Home,Desk Lamp,7,35.0,0.0,245.0
1295,2024-08-17,Northeast,Enterprise,Home,Coffee Maker,3,79.0,0.0,237.0
1296,2024-09-30,Northeast,Enterprise,Electronics,Monitor,5,183.2,0.2,916.0
1297,2024-02-21,Northeast,Enterprise,Home,Coffee Maker,1,79.0,0.0,79.0
1298,2024-02-12,Southeast,Small Business,Office,Notebook Pack,2,12.0,0.0,24.0
1299,2024-06-09,West,Enterprise,Office,Desk Chair,4,151.2,0.2,604.8
1300,2024-04-11,Southeast,Consumer,Electronics,Monitor,3,229.0,0.0,687.0
1301,2024-07-25,West,Small Business,Home,Coffee Maker,1,79.0,0.0,79.0
1302,2024-10-20,Midwest,Enterprise,Office,Notebook Pack,1,12.0,0.0,12.0
1303,2025-02-28,West,Consumer,Home,Blender,2,65.0,0.0,130.0
1304,2024-05-21,Midwest,Consumer,Home,Coffee Maker,4,71.1,0.1,284.4
1305,2025-03-29,Northeast,Small Business,Electronics,Headphones,5,89.0,0.0,445.0
1306,2024-11-18,West,Consumer,Home,Desk Lamp,6,35.0,0.0,210.0
1307,2025-11-07,Midwest,Small Business,Office,Notebook Pack,7,12.0,0.0,84.0
1308,2025-02-15,Midwest,Small Business,Office,Pen Set,5,9.0,0.0,45.0
1309,2024-01-09,West,Small Business,Home,Blender,5,65.0,0.0,325.0
1310,2025-10-21,West,Enterprise,Electronics,Monitor,5,183.2,0.2,916.0
1311,2024-12-19,Northeast,Consumer,Office,Desk Chair,4,189.0,0.0,756.0
1312,2025-07-04,Midwest,Consumer,Home,Coffee Maker,2,63.2,0.2,126.4
1313,2024-04-05,Midwest,Enterprise,Office,Pen Set,3,7.2,0.2,21.6
1314,2024-06-12,Midwest,Consumer,Electronics,Headphones,5,71.2,0.2,356.0
1315,2024-11-07,Northeast,Small Business,Office,Desk Chair,7,189.0,0.0,1323.0
1316,2024-09-22,Northeast,Enterprise,Office,Pen Set,3,9.0,0.0,27.0
1317,2024-05-07,West,Small Business,Home,Coffee Maker,5,79.0,0.0,395.0
1318,2024-08-29,Southeast,Small Business,Office,Pen Set,5,7.2,0.2,36.0
1319,2024-11-02,West,Enterprise,Home,Blender,7,65.0,0.0,455.0
1320,2024-09-10,Southeast,Small Business,Electronics,Keyboard,5,47.2,0.2,236.0
1321,2025-04-10,Northeast,Consumer,Electronics,Headphones,4,80.1,0.1,320.4
1322,2024-03-04,West,Consumer,Home,Desk Lamp,4,35.0,0.0,140.0
1323,2025-01-13,West,Small Business,Office,Pen Set,4,7.2,0.2,28.8
1324,2025-08-21,West,Enterprise,Home,Blender,4,58.5,0.1,234.0
1325,2025-03-02,West,Enterprise,Electronics,Headphones,5,89.0,0.0,445.0
1326,2025-04-13,Northeast,Enterprise,Electronics,Monitor,5,183.2,0.2,916.0
1327,2024-08-05,Midwest,Consumer,Home,Coffee Maker,1,79.0,0.0,79.0
1328,2025-09-08,Midwest,Consumer,Home,Desk Lamp,1,35.0,0.0,35.0
1329,2025-06-19,Midwest,Small Business,Electronics,Headphones,3,89.0,0.0,267.0
1330,2024-10-28,West,Consumer,Home,Desk Lamp,2,35.0,0.0,70.0
1331,2024-11-08,Northeast,Consumer,Home,Desk Lamp,4,31.5,0.1,126.0
1332,2025-07-14,West,Enterprise,Home,Desk Lamp,1,31.5,0.1,31.5
1333,2024-11-13,West,Enterprise,Office,Desk Chair,5,170.1,0.1,850.5
1334,2025-09-12,West,Enterprise,Electronics,Headphones,5,80.1,0.1,400.5
1335,2025-04-04,West,Small Business,Electronics,Monitor,3,229.0,0.0,687.0
1336,2024-08-26,West,Enterprise,Home,Coffee Maker,5,79.0,0.0,395.0
1337,2024-10-11,Midwest,Enterprise,Office,Notebook Pack,2,12.0,0.0,24.0
1338,2025-10-22,Southeast,Enterprise,Electronics,Monitor,5,229.0,0.0,1145.0
1339,2025-07-08,Southeast,Small Business,Office,Notebook Pack,5,9.6,0.2,48.0
1340,2025-05-29,Northeast,Small Business,Electronics,Headphones,5,89.0,0.0,445.0
1341,2024-07-29,Northeast,Enterprise,Electronics,Monitor,5,206.1,0.1,1030.5
1342,2025-09-13,West,Consumer,Home,Coffee Maker,5,79.0,0.0,395.0
1343,2024-12-14,Midwest,Small Business,Home,Desk Lamp,6,35.0,0.0,210.0
1344,2024-09-20,Southeast,Small Business,Electronics,Headphones,1,71.2,0.2,71.2
1345,2024-05-27,Midwest,Small Business,Electronics,Keyboard,1,59.0,0.0,59.0
1346,2025-11-25,Southeast,Consumer,Electronics,Headphones,7,89.0,0.0,623.0
1347,2024-02-29,Southeast,Small Business,Home,Coffee Maker,1,79.0,0.0,79.0
1348,2024-11-27,Southeast,Consumer,Home,Coffee Maker,3,79.0,0.0,237.0
1349,2025-09-03,West,Consumer,Office,Notebook Pack,4,9.6,0.2,38.4
1350,2024-10-02,West,Consumer,Electronics,Keyboard,4,47.2,0.2,188.8
1351,2025-05-10,Midwest,Enterprise,Electronics,Keyboard,2,59.0,0.0,118.0
1352,2025-08-23,Southeast,Small Business,Office,Notebook Pack,2,9.6,0.2,19.2
1353,2025-08-04,Southeast,Consumer,Home,Coffee Maker,1,63.2,0.2,63.2
1354,2025-01-17,West,Enterprise,Office,Notebook Pack,2,9.6,0.2,19.2
1355,2025-04-07,Midwest,Enterprise,Electronics,Headphones,4,71.2,0.2,284.8
1356,2024-06-20,Midwest,Enterprise,Electronics,Headphones,4,89.0,0.0,356.0
1357,2025-01-24,Midwest,Consumer,Home,Blender,2,52.0,0.2,104.0
1358,2024-06-14,Midwest,Consumer,Office,Pen Set,5,9.0,0.0,45.0
1359,2025-02-08,Midwest,Small Business,Office,Notebook Pack,2,9.6,0.2,19.2
1360,2024-08-03,Midwest,Enterprise,Office,Pen Set,3,9.0,0.0,27.0
1361,2025-04-08,Southeast,Small Business,Home,Desk Lamp,3,35.0,0.0,105.0
1362,2025-09-05,West,Consumer,Home,Desk Lamp,2,35.0,0.0,70.0
1363,2024-01-10,West,Small Business,Office,Notebook Pack,4,9.6,0.2,38.4
1364,2025-07-05,Northeast,Enterprise,Electronics,Monitor,1,183.2,0.2,183.2
1365,2025-03-31,Midwest,Small Business,Office,Notebook Pack,3,10.8,0.1,32.4
1366,2024-06-30,Midwest,Consumer,Office,Notebook Pack,1,10.8,0.1,10.8
1367,2025-03-31,Midwest,Consumer,Electronics,Headphones,1,89.0,0.0,89.0
1368,2024-04-02,Southeast,Small Business,Office,Pen Set,3,9.0,0.0,27.0
1369,2025-01-06,Southeast,Consumer,Electronics,Keyboard,4,47.2,0.2,188.8
1370,2024-07-19,West,Consumer,Office,Desk Chair,1,189.0,0.0,189.0
1371,2025-07-19,Southeast,Consumer,Electronics,Monitor,5,183.2,0.2,916.0
1372,2025-08-25,Midwest,Enterprise,Electronics,Monitor,1,229.0,0.0,229.0
1373,2024-08-21,Northeast,Enterprise,Office,Pen Set,3,9.0,0.0,27.0
1374,2025-11-25,West,Consumer,Office,Pen Set,5,7.2,0.2,36.0
1375,2025-03-13,West,Small Business,Office,Pen Set,1,9.0,0.0,9.0
1376,2024-10-07,West,Small Business,Electronics,Monitor,5,206.1,0.1,1030.5
1377,2025-06-13,Midwest,Small Business,Electronics,Monitor,2,229.0,0.0,458.0
1378,2025-06-29,Southeast,Small Business,Home,Coffee Maker,1,71.1,0.1,71.1
1379,2024-03-24,Northeast,Consumer,Office,Notebook Pack,2,10.8,0.1,21.6
1380,2024-07-20,Northeast,Consumer,Electronics,Keyboard,3,59.0,0.0,177.0
1381,2025-05-06,Midwest,Consumer,Home,Desk Lamp,5,35.0,0.0,175.0
1382,2024-04-20,Midwest,Enterprise,Home,Desk Lamp,3,35.0,0.0,105.0
1383,2024-08-30,Northeast,Enterprise,Electronics,Monitor,5,206.1,0.1,1030.5
1384,2025-04-02,Northeast,Small Business,Office,Notebook Pack,1,12.0,0.0,12.0
1385,2024-11-16,West,Consumer,Office,Notebook Pack,4,12.0,0.0,48.0
1386,2024-11-04,Northeast,Enterprise,Office,Pen Set,6,9.0,0.0,54.0
1387,2024-02-27,West,Consumer,Office,Notebook Pack,3,10.8,0.1,32.4
1388,2025-09-24,Northeast,Small Business,Home,Desk Lamp,5,28.0,0.2,140.0
1389,2025-01-28,Northeast,Small Business,Home,Coffee Maker,5,63.2,0.2,316.0
1390,2025-10-28,Midwest,Enterprise,Office,Notebook Pack,4,9.6,0.2,38.4
1391,2024-07-16,Northeast,Enterprise,Electronics,Headphones,1,71.2,0.2,71.2
1392,2024-07-17,Midwest,Small Business,Office,Notebook Pack,5,12.0,0.0,60.0
1393,2025-05-07,Southeast,Consumer,Office,Pen Set,4,9.0,0.0,36.0
1394,2024-02-15,West,Enterprise,Electronics,Headphones,3,71.2,0.2,213.6
1395,2025-10-29,Southeast,Consumer,Home,Coffee Maker,5,63.2,0.2,316.0
1396,2025-04-25,Midwest,Consumer,Home,Blender,3,65.0,0.0,195.0
1397,2025-06-14,Southeast,Enterprise,Office,Pen Set,2,9.0,0.0,18.0
1398,2025-07-26,Southeast,Enterprise,Electronics,Keyboard,3,59.0,0.0,177.0
1399,2024-07-25,West,Enterprise,Electronics,Keyboard,2,53.1,0.1,106.2
1400,2025-12-10,Midwest,Small Business,Home,Blender,7,65.0,0.0,455.0
1401,2024-12-02,West,Consumer,Electronics,Headphones,6,89.0,0.0,534.0
1402,2024-01-04,Southeast,Consumer,Office,Notebook Pack,2,10.8,0.1,21.6
1403,2025-05-07,West,Consumer,Office,Desk Chair,4,189.0,0.0,756.0
1404,2024-01-07,Northeast,Enterprise,Home,Desk Lamp,1,35.0,0.0,35.0
1405,2024-04-27,Midwest,Consumer,Electronics,Keyboard,4,59.0,0.0,236.0
1406,2024-01-31,Southeast,Small Business,Electronics,Headphones,3,89.0,0.0,267.0
1407,2024-06-27,Southeast,Consumer,Home,Blender,2,65.0,0.0,130.0
1408,2024-06-29,West,Enterprise,Home,Desk Lamp,1,35.0,0.0,35.0
1409,2024-04-23,Southeast,Small Business,Home,Desk Lamp,3,31.5,0.1,94.5
1410,2025-01-16,West,Enterprise,Office,Notebook Pack,5,9.6,0.2,48.0
1411,2024-03-07,Southeast,Enterprise,Electronics,Headphones,2,89.0,0.0,178.0
1412,2025-01-22,West,Enterprise,Office,Desk Chair,3,151.2,0.2,453.6
1413,2024-09-07,Midwest,Consumer,Electronics,Monitor,5,229.0,0.0,1145.0
1414,2024-12-01,West,Consumer,Electronics,Headphones,5,89.0,0.0,445.0
1415,2024-03-24,Southeast,Enterprise,Home,Blender,5,65.0,0.0,325.0
1416,2025-02-01,West,Consumer,Office,Pen Set,3,8.1,0.1,24.3
1417,2024-11-25,West,Small Business,Office,Desk Chair,7,170.1,0.1,1190.7
1418,2024-10-01,Southeast,Consumer,Office,Desk Chair,5,189.0,0.0,945.0
1419,2024-07-26,Midwest,Small Business,Home,Desk Lamp,4,35.0,0.0,140.0
1420,2025-01-21,Northeast,Consumer,Office,Notebook Pack,3,12.0,0.0,36.0
1421,2024-03-27,Southeast,Enterprise,Home,Coffee Maker,5,79.0,0.0,395.0
1422,2024-02-12,West,Small Business,Home,Blender,5,65.0,0.0,325.0
1423,2025-04-23,Midwest,Small Business,Home,Coffee Maker,3,71.1,0.1,213.3
1424,2025-01-26,Midwest,Enterprise,Electronics,Headphones,4,89.0,0.0,356.0
1425,2024-03-18,Northeast,Small Business,Home,Desk Lamp,3,28.0,0.2,84.0
1426,2024-08-21,Northeast,Enterprise,Electronics,Headphones,1,89.0,0.0,89.0
1427,2024-07-24,Midwest,Enterprise,Home,Desk Lamp,3,35.0,0.0,105.0
1428,2025-11-30,Midwest,Consumer,Home,Desk Lamp,7,35.0,0.0,245.0
1429,2024-11-02,Northeast,Small Business,Home,Coffee Maker,6,71.1,0.1,426.6
1430,2025-10-31,Southeast,Enterprise,Office,Notebook Pack,4,12.0,0.0,48.0
1431,2024-08-02,West,Enterprise,Home,Desk Lamp,5,28.0,0.2,140.0
1432,2025-04-17,West,Enterprise,Home,Desk Lamp,3,35.0,0.0,105.0
1433,2025-03-03,Northeast,Small Business,Electronics,Keyboard,4,47.2,0.2,188.8
1434,2024-05-22,West,Enterprise,Office,Notebook Pack,3,12.0,0.0,36.0
1435,2024-12-29,West,Enterprise,Home,Desk Lamp,6,31.5,0.1,189.0
1436,2025-07-04,Northeast,Consumer,Home,Coffee Maker,5,79.0,0.0,395.0
1437,2024-06-06,West,Small Business,Home,Blender,5,52.0,0.2,260.0
1438,2024-07-28,Southeast,Small Business,Home,Desk Lamp,5,31.5,0.1,157.5
1439,2024-04-21,Northeast,Consumer,Home,Blender,4,65.0,0.0,260.0
1440,2024-04-16,West,Consumer,Office,Pen Set,2,9.0,0.0,18.0
1441,2024-07-10,Southeast,Consumer,Electronics,Headphones,4,89.0,0.0,356.0
1442,2024-10-25,Northeast,Small Business,Office,Pen Set,1,8.1,0.1,8.1
1443,2025-06-14,West,Consumer,Electronics,Headphones,3,80.1,0.1,240.3
1444,2024-04-23,Northeast,Small Business,Electronics,Monitor,4,206.1,0.1,824.4
1445,2024-07-30,West,Consumer,Electronics,Headphones,3,80.1,0.1,240.3
1446,2025-09-10,West,Small Business,Office,Desk Chair,5,189.0,0.0,945.0
1447,2024-07-25,West,Enterprise,Electronics,Headphones,4,89.0,0.0,356.0
1448,2024-09-09,West,Small Business,Office,Desk Chair,5,170.1,0.1,850.5
1449,2025-08-12,West,Small Business,Electronics,Monitor,1,229.0,0.0,229.0
1450,2025-12-18,Southeast,Small Business,Office,Desk Chair,6,151.2,0.2,907.2
1451,2024-09-12,West,Enterprise,Electronics,Monitor,4,206.1,0.1,824.4
1452,2024-07-06,Northeast,Consumer,Office,Pen Set,1,8.1,0.1,8.1
1453,2024-06-10,Northeast,Enterprise,Home,Blender,5,65.0,0.0,325.0
1454,2024-08-10,Midwest,Consumer,Home,Coffee Maker,5,79.0,0.0,395.0
1455,2024-04-17,Southeast,Small Business,Office,Desk Chair,4,170.1,0.1,680.4
1456,2024-07-31,Northeast,Enterprise,Office,Notebook Pack,4,12.0,0.0,48.0
1457,2025-12-12,Midwest,Enterprise,Office,Pen Set,6,8.1,0.1,48.6
1458,2025-02-12,Midwest,Consumer,Electronics,Keyboard,1,59.0,0.0,59.0
1459,2025-12-27,West,Consumer,Electronics,Keyboard,6,53.1,0.1,318.6
1460,2024-03-25,Southeast,Small Business,Office,Pen Set,2,8.1,0.1,16.2
1461,2024-10-12,Northeast,Consumer,Electronics,Headphones,1,71.2,0.2,71.2
1462,2024-10-28,Northeast,Enterprise,Electronics,Monitor,4,229.0,0.0,916.0
1463,2024-01-12,Midwest,Consumer,Office,Desk Chair,2,170.1,0.1,340.2
1464,2024-08-09,West,Enterprise,Office,Notebook Pack,5,12.0,0.0,60.0
1465,2024-02-18,Midwest,Small Business,Office,Pen Set,1,8.1,0.1,8.1
1466,2024-02-23,Southeast,Consumer,Office,Notebook Pack,1,10.8,0.1,10.8
1467,2025-01-18,West,Consumer,Electronics,Headphones,1,89.0,0.0,89.0
1468,2024-01-15,Northeast,Enterprise,Home,Desk Lamp,1,35.0,0.0,35.0
1469,2024-06-20,Northeast,Small Business,Office,Notebook Pack,1,10.8,0.1,10.8
1470,2024-11-26,Southeast,Enterprise,Office,Pen Set,4,7.2,0.2,28.8
1471,2025-02-08,Northeast,Small Business,Home,Desk Lamp,2,35.0,0.0,70.0
1472,2024-11-27,Northeast,Small Business,Electronics,Headphones,6,89.0,0.0,534.0
1473,2024-08-05,Midwest,Consumer,Home,Desk Lamp,1,35.0,0.0,35.0
1474,2024-03-09,West,Consumer,Electronics,Keyboard,3,47.2,0.2,141.6
1475,2025-12-30,Northeast,Enterprise,Office,Pen Set,4,9.0,0.0,36.0
1476,2024-11-28,Midwest,Consumer,Office,Pen Set,6,9.0,0.0,54.0
1477,2025-10-12,Midwest,Consumer,Office,Desk Chair,4,189.0,0.0,756.0
1478,2025-09-15,Southeast,Enterprise,Office,Desk Chair,4,151.2,0.2,604.8
1479,2025-08-24,Northeast,Small Business,Office,Notebook Pack,2,12.0,0.0,24.0
1480,2024-08-30,Northeast,Consumer,Office,Desk Chair,2,151.2,0.2,302.4
1481,2024-05-20,Southeast,Small Business,Home,Coffee Maker,3,79.0,0.0,237.0
1482,2024-07-28,West,Enterprise,Office,Notebook Pack,2,9.6,0.2,19.2
1483,2024-12-02,West,Enterprise,Electronics,Keyboard,5,59.0,0.0,295.0
1484,2024-10-22,Southeast,Consumer,Electronics,Headphones,3,89.0,0.0,267.0
1485,2025-07-06,West,Enterprise,Electronics,Monitor,2,229.0,0.0,458.0
1486,2024-11-25,West,Consumer,Electronics,Keyboard,3,59.0,0.0,177.0
1487,2024-07-16,Southeast,Consumer,Electronics,Monitor,2,229.0,0.0,458.0
1488,2024-06-26,Northeast,Small Business,Office,Pen Set,2,9.0,0.0,18.0
1489,2025-04-23,West,Consumer,Home,Desk Lamp,2,35.0,0.0,70.0
1490,2025-09-12,West,Enterprise,Electronics,Keyboard,3,47.2,0.2,141.6
1491,2024-07-25,West,Small Business,Home,Coffee Maker,1,79.0,0.0,79.0
1492,2024-06-20,West,Consumer,Home,Coffee Maker,4,63.2,0.2,252.8
1493,2025-05-08,Midwest,Enterprise,Electronics,Keyboard,4,59.0,0.0,236.0
1494,2025-07-04,West,Small Business,Electronics,Monitor,2,229.0,0.0,458.0
1495,2024-11-09,West,Consumer,Home,Coffee Maker,6,63.2,0.2,379.2
1496,2024-12-07,Southeast,Consumer,Electronics,Monitor,6,229.0,0.0,1374.0
1497,2024-01-05,West,Small Business,Electronics,Monitor,3,206.1,0.1,618.3
1498,2025-02-08,Midwest,Enterprise,Office,Desk Chair,4,170.1,0.1,680.4
1499,2025-08-25,West,Enterprise,Electronics,Keyboard,1,59.0,0.0,59.0
1500,2024-06-15,West,Enterprise,Electronics,Keyboard,3,59.0,0.0,177.0
1501,2025-12-06,West,Enterprise,Home,Blender,3,58.5,0.1,175.5
1502,2024-09-09,Northeast,Enterprise,Electronics,Keyboard,1,59.0,0.0,59.0
1503,2025-11-12,West,Enterprise,Office,Notebook Pack,5,9.6,0.2,48.0
1504,2024-05-30,Southeast,Consumer,Home,Desk Lamp,5,28.0,0.2,140.0
1505,2024-04-29,Northeast,Enterprise,Electronics,Monitor,4,206.1,0.1,824.4
1506,2024-07-12,Midwest,Enterprise,Home,Desk Lamp,4,35.0,0.0,140.0
1507,2025-06-29,West,Enterprise,Office,Desk Chair,5,189.0,0.0,945.0
1508,2024-04-01,Southeast,Small Business,Electronics,Monitor,5,229.0,0.0,1145.0
1509,2024-08-02,Southeast,Small Business,Office,Desk Chair,3,189.0,0.0,567.0
1510,2024-01-02,West,Enterprise,Electronics,Headphones,4,71.2,0.2,284.8
1511,2024-10-22,Midwest,Consumer,Office,Desk Chair,2,189.0,0.0,378.0
1512,2025-12-21,Northeast,Small Business,Electronics,Headphones,6,89.0,0.0,534.0
1513,2025-08-03,Southeast,Consumer,Electronics,Headphones,2,89.0,0.0,178.0
1514,2024-09-22,Southeast,Consumer,Home,Coffee Maker,5,79.0,0.0,395.0
1515,2024-10-27,Northeast,Small Business,Electronics,Keyboard,1,59.0,0.0,59.0
1516,2024-01-31,Northeast,Consumer,Office,Notebook Pack,4,10.8,0.1,43.2
1517,2024-03-03,Northeast,Consumer,Home,Desk Lamp,5,35.0,0.0,175.0
1518,2025-06-18,Midwest,Small Business,Electronics,Keyboard,5,47.2,0.2,236.0
1519,2025-04-29,Midwest,Enterprise,Home,Blender,4,65.0,0.0,260.0
1520,2024-12-17,West,Enterprise,Home,Desk Lamp,5,31.5,0.1,157.5
1521,2024-02-28,West,Enterprise,Home,Coffee Maker,1,79.0,0.0,79.0
1522,2025-02-15,Northeast,Enterprise,Office,Notebook Pack,1,9.6,0.2,9.6
1523,2024-10-13,West,Enterprise,Office,Notebook Pack,3,10.8,0.1,32.4
1524,2025-02-27,Northeast,Enterprise,Office,Notebook Pack,1,12.0,0.0,12.0
1525,2025-01-03,Southeast,Enterprise,Electronics,Monitor,3,206.1,0.1,618.3
1526,2025-05-11,Midwest,Small Business,Home,Blender,5,65.0,0.0,325.0
1527,2025-05-02,Midwest,Enterprise,Office,Pen Set,1,8.1,0.1,8.1
1528,2024-07-18,Northeast,Consumer,Office,Notebook Pack,5,9.6,0.2,48.0
1529,2025-05-24,Southeast,Small Business,Electronics,Keyboard,5,53.1,0.1,265.5
1530,2024-04-28,Southeast,Consumer,Home,Blender,5,65.0,0.0,325.0
1531,2024-06-23,West,Enterprise,Office,Pen Set,1,9.0,0.0,9.0
1532,2024-01-30,Southeast,Enterprise,Electronics,Keyboard,4,59.0,0.0,236.0
1533,2024-09-20,West,Consumer,Office,Desk Chair,1,189.0,0.0,189.0
1534,2025-12-09,Northeast,Enterprise,Home,Desk Lamp,7,28.0,0.2,196.0
1535,2024-12-17,West,Consumer,Home,Blender,6,52.0,0.2,312.0
1536,2024-08-16,Northeast,Consumer,Home,Desk Lamp,3,35.0,0.0,105.0
1537,2024-12-14,Midwest,Consumer,Office,Pen Set,4,9.0,0.0,36.0
1538,2024-11-16,Northeast,Enterprise,Home,Blender,3,65.0,0.0,195.0
1539,2025-07-02,Midwest,Enterprise,Electronics,Keyboard,4,59.0,0.0,236.0
1540,2024-05-09,Southeast,Consumer,Office,Pen Set,5,7.2,0.2,36.0
1541,2025-02-08,Southeast,Small Business,Electronics,Monitor,4,229.0,0.0,916.0
1542,2024-08-12,Midwest,Consumer,Home,Blender,4,65.0,0.0,260.0
1543,2025-11-12,Midwest,Enterprise,Office,Notebook Pack,7,12.0,0.0,84.0
1544,2025-12-06,Southeast,Small Business,Electronics,Keyboard,7,53.1,0.1,371.7
1545,2024-10-25,Southeast,Enterprise,Office,Desk Chair,1,189.0,0.0,189.0
1546,2024-08-03,West,Enterprise,Office,Notebook Pack,1,12.0,0.0,12.0
1547,2025-02-05,West,Small Business,Home,Blender,2,65.0,0.0,130.0
1548,2025-03-08,West,Consumer,Office,Desk Chair,3,170.1,0.1,510.3
1549,2025-06-24,West,Consumer,Office,Desk Chair,3,189.0,0.0,567.0
1550,2024-05-14,West,Enterprise,Home,Blender,1,65.0,0.0,65.0
1551,2024-06-16,Midwest,Consumer,Office,Notebook Pack,4,10.8,0.1,43.2
1552,2024-08-02,Midwest,Enterprise,Electronics,Monitor,2,229.0,0.0,458.0
1553,2025-08-12,West,Enterprise,Electronics,Monitor,2,206.1,0.1,412.2
1554,2024-06-21,Southeast,Consumer,Electronics,Headphones,3,80.1,0.1,240.3
1555,2024-04-30,West,Consumer,Office,Pen Set,3,7.2,0.2,21.6
1556,2025-10-04,Northeast,Consumer,Office,Desk Chair,2,189.0,0.0,378.0
1557,2025-02-10,West,Enterprise,Home,Coffee Maker,5,79.0,0.0,395.0
1558,2025-11-17,Midwest,Enterprise,Office,Notebook Pack,6,10.8,0.1,64.8
1559,2025-10-30,Northeast,Consumer,Home,Coffee Maker,1,79.0,0.0,79.0
1560,2024-05-04,Northeast,Enterprise,Home,Blender,5,65.0,0.0,325.0
1561,2025-08-09,Southeast,Small Business,Office,Desk Chair,3,189.0,0.0,567.0
1562,2025-05-10,Southeast,Consumer,Office,Pen Set,4,9.0,0.0,36.0
1563,2024-11-29,West,Enterprise,Electronics,Monitor,7,229.0,0.0,1603.0
1564,2024-01-21,West,Consumer,Home,Blender,5,52.0,0.2,260.0
1565,2025-06-15,Northeast,Consumer,Office,Pen Set,1,9.0,0.0,9.0
1566,2025-09-05,West,Small Business,Office,Notebook Pack,1,9.6,0.2,9.6
1567,2024-05-05,Southeast,Consumer,Electronics,Headphones,5,89.0,0.0,445.0
1568,2025-07-29,Midwest,Small Business,Home,Desk Lamp,1,35.0,0.0,35.0
1569,2025-07-11,Midwest,Consumer,Electronics,Keyboard,1,59.0,0.0,59.0
1570,2025-06-15,Southeast,Enterprise,Home,Blender,5,58.5,0.1,292.5
1571,2025-05-17,Southeast,Enterprise,Office,Desk Chair,5,189.0,0.0,945.0
1572,2024-04-11,Southeast,Consumer,Office,Notebook Pack,2,12.0,0.0,24.0
1573,2024-11-02,Southeast,Enterprise,Electronics,Headphones,7,71.2,0.2,498.4
1574,2025-01-02,Northeast,Enterprise,Home,Desk Lamp,5,31.5,0.1,157.5
1575,2024-09-18,West,Consumer,Home,Coffee Maker,2,71.1,0.1,142.2
1576,2024-09-17,Southeast,Consumer,Office,Desk Chair,2,151.2,0.2,302.4
1577,2025-10-06,Southeast,Small Business,Office,Desk Chair,2,189.0,0.0,378.0
1578,2024-06-06,Southeast,Consumer,Home,Coffee Maker,4,79.0,0.0,316.0
1579,2024-10-03,West,Consumer,Electronics,Monitor,1,183.2,0.2,183.2
1580,2024-12-03,Midwest,Consumer,Office,Notebook Pack,5,12.0,0.0,60.0
1581,2024-08-19,Southeast,Small Business,Home,Desk Lamp,1,31.5,0.1,31.5
1582,2024-04-17,West,Consumer,Electronics,Headphones,5,89.0,0.0,445.0
1583,2025-06-25,Midwest,Enterprise,Home,Blender,5,65.0,0.0,325.0
1584,2024-04-11,Southeast,Small Business,Electronics,Headphones,3,80.1,0.1,240.3
1585,2025-11-25,West,Enterprise,Office,Pen Set,7,8.1,0.1,56.7
1586,2024-05-10,Southeast,Consumer,Home,Desk Lamp,5,35.0,0.0,175.0
1587,2025-01-22,Midwest,Enterprise,Office,Pen Set,3,9.0,0.0,27.0
1588,2024-09-12,Southeast,Small Business,Office,Pen Set,4,8.1,0.1,32.4
1589,2024-12-28,West,Enterprise,Home,Blender,5,65.0,0.0,325.0
1590,2024-08-22,West,Small Business,Home,Blender,1,65.0,0.0,65.0
1591,2024-04-02,Northeast,Consumer,Office,Notebook Pack,1,12.0,0.0,12.0
1592,2025-08-12,West,Consumer,Electronics,Headphones,3,71.2,0.2,213.6
1593,2025-03-10,West,Enterprise,Office,Pen Set,2,8.1,0.1,16.2
1594,2025-12-02,Northeast,Enterprise,Office,Pen Set,3,8.1,0.1,24.3
1595,2024-07-13,Midwest,Consumer,Office,Notebook Pack,4,9.6,0.2,38.4
1596,2025-11-08,West,Consumer,Office,Pen Set,7,9.0,0.0,63.0
1597,2025-11-21,Midwest,Consumer,Office,Notebook Pack,4,12.0,0.0,48.0
1598,2025-06-10,West,Consumer,Home,Desk Lamp,4,31.5,0.1,126.0
1599,2025-01-17,Northeast,Small Business,Electronics,Keyboard,2,47.2,0.2,94.4
1600,2024-11-02,Northeast,Enterprise,Home,Coffee Maker,5,79.0,0.0,395.0
1601,2025-10-08,Northeast,Small Business,Office,Desk Chair,2,189.0,0.0,378.0
1602,2025-09-24,West,Small Business,Home,Desk Lamp,3,35.0,0.0,105.0
1603,2024-11-01,Southeast,Small Business,Home,Desk Lamp,3,35.0,0.0,105.0
1604,2024-12-29,Southeast,Consumer,Electronics,Headphones,6,80.1,0.1,480.6
1605,2025-06-25,West,Consumer,Office,Notebook Pack,4,12.0,0.0,48.0
1606,2024-06-08,West,Small Business,Office,Desk Chair,2,170.1,0.1,340.2
1607,2024-11-02,Midwest,Consumer,Home,Coffee Maker,4,63.2,0.2,252.8
1608,2025-03-25,Midwest,Enterprise,Office,Desk Chair,2,189.0,0.0,378.0
1609,2025-03-20,Southeast,Small Business,Electronics,Keyboard,2,59.0,0.0,118.0
1610,2024-02-11,Northeast,Consumer,Electronics,Keyboard,4,59.0,0.0,236.0
1611,2025-11-13,West,Small Business,Electronics,Keyboard,5,59.0,0.0,295.0
1612,2025-07-17,West,Enterprise,Home,Blender,2,65.0,0.0,130.0
1613,2025-02-02,Southeast,Consumer,Electronics,Headphones,1,89.0,0.0,89.0
1614,2024-12-18,Midwest,Small Business,Office,Notebook Pack,4,12.0,0.0,48.0
1615,2025-09-03,Midwest,Small Business,Office,Notebook Pack,4,10.8,0.1,43.2
1616,2025-05-12,Southeast,Enterprise,Electronics,Keyboard,2,47.2,0.2,94.4
1617,2025-06-07,Midwest,Enterprise,Electronics,Headphones,3,89.0,0.0,267.0
1618,2024-09-10,Northeast,Enterprise,Office,Desk Chair,2,170.1,0.1,340.2
1619,2025-05-29,Southeast,Consumer,Office,Notebook Pack,2,9.6,0.2,19.2
1620,2024-05-03,Southeast,Consumer,Electronics,Keyboard,1,59.0,0.0,59.0
1621,2025-03-12,Northeast,Small Business,Electronics,Monitor,2,229.0,0.0,458.0
1622,2025-02-21,Midwest,Small Business,Office,Desk Chair,2,189.0,0.0,378.0
1623,2025-05-05,Midwest,Consumer,Electronics,Monitor,4,229.0,0.0,916.0
1624,2024-10-02,Southeast,Small Business,Home,Coffee Maker,3,71.1,0.1,213.3
1625,2024-02-18,Midwest,Consumer,Electronics,Headphones,1,89.0,0.0,89.0
1626,2024-10-19,West,Consumer,Home,Coffee Maker,5,79.0,0.0,395.0
1627,2024-09-15,Northeast,Consumer,Home,Coffee Maker,3,79.0,0.0,237.0
1628,2025-11-16,Midwest,Small Business,Electronics,Monitor,7,229.0,0.0,1603.0
1629,2025-01-05,Midwest,Consumer,Office,Pen Set,5,7.2,0.2,36.0
1630,2025-10-27,Northeast,Consumer,Home,Desk Lamp,5,31.5,0.1,157.5
1631,2024-05-13,Northeast,Enterprise,Office,Pen Set,5,9.0,0.0,45.0
1632,2025-11-01,Northeast,Enterprise,Electronics,Headphones,6,89.0,0.0,534.0
1633,2025-09-25,Southeast,Consumer,Home,Coffee Maker,4,79.0,0.0,316.0
1634,2024-05-10,Midwest,Small Business,Electronics,Keyboard,5,59.0,0.0,295.0
1635,2025-04-04,Northeast,Small Business,Office,Pen Set,1,8.1,0.1,8.1
1636,2025-03-05,Midwest,Enterprise,Office,Pen Set,1,9.0,0.0,9.0
1637,2024-05-12,Southeast,Enterprise,Home,Desk Lamp,5,35.0,0.0,175.0
1638,2025-02-11,Northeast,Consumer,Home,Blender,5,52.0,0.2,260.0
1639,2025-03-24,West,Enterprise,Office,Desk Chair,5,170.1,0.1,850.5
1640,2024-10-05,Southeast,Enterprise,Electronics,Headphones,1,89.0,0.0,89.0
1641,2025-12-14,Midwest,Small Business,Electronics,Monitor,6,183.2,0.2,1099.2
1642,2024-08-13,Northeast,Consumer,Home,Blender,3,52.0,0.2,156.0
1643,2024-08-17,Northeast,Enterprise,Electronics,Monitor,2,229.0,0.0,458.0
1644,2024-05-31,Southeast,Consumer,Home,Desk Lamp,3,35.0,0.0,105.0
1645,2025-07-01,Midwest,Small Business,Electronics,Headphones,3,71.2,0.2,213.6
1646,2024-03-26,West,Enterprise,Office,Pen Set,3,9.0,0.0,27.0
1647,2024-10-28,Southeast,Enterprise,Home,Desk Lamp,1,35.0,0.0,35.0
1648,2024-10-13,Northeast,Enterprise,Electronics,Keyboard,1,47.2,0.2,47.2
1649,2025-12-05,Southeast,Small Business,Home,Blender,5,52.0,0.2,260.0
1650,2024-08-13,West,Consumer,Home,Coffee Maker,2,63.2,0.2,126.4
1651,2025-04-01,Southeast,Small Business,Electronics,Monitor,4,229.0,0.0,916.0
1652,2024-04-05,Southeast,Consumer,Home,Desk Lamp,4,35.0,0.0,140.0
1653,2025-08-06,Northeast,Small Business,Home,Blender,2,65.0,0.0,130.0
1654,2024-06-15,Northeast,Consumer,Electronics,Keyboard,5,59.0,0.0,295.0
1655,2024-03-14,Northeast,Enterprise,Home,Desk Lamp,4,31.5,0.1,126.0
1656,2025-06-23,Northeast,Small Business,Electronics,Monitor,1,183.2,0.2,183.2
1657,2025-01-28,Southeast,Consumer,Electronics,Headphones,1,89.0,0.0,89.0
1658,2024-03-26,Northeast,Consumer,Home,Desk Lamp,5,35.0,0.0,175.0
1659,2025-07-09,Southeast,Small Business,Office,Desk Chair,1,189.0,0.0,189.0
1660,2025-07-30,West,Consumer,Home,Desk Lamp,3,35.0,0.0,105.0
1661,2024-09-06,Northeast,Consumer,Electronics,Monitor,3,183.2,0.2,549.6
1662,2024-02-15,West,Consumer,Electronics,Monitor,3,229.0,0.0,687.0
1663,2024-01-02,West,Consumer,Electronics,Headphones,2,80.1,0.1,160.2
1664,2024-12-27,Northeast,Small Business,Office,Desk Chair,4,170.1,0.1,680.4
1665,2024-06-22,Midwest,Consumer,Electronics,Headphones,1,89.0,0.0,89.0
1666,2025-09-22,Northeast,Enterprise,Home,Desk Lamp,3,35.0,0.0,105.0
1667,2024-06-03,Southeast,Enterprise,Electronics,Keyboard,5,59.0,0.0,295.0
1668,2025-03-11,Midwest,Small Business,Electronics,Monitor,3,183.2,0.2,549.6
1669,2024-04-16,Northeast,Consumer,Home,Coffee Maker,3,79.0,0.0,237.0
1670,2024-06-01,West,Small Business,Office,Notebook Pack,3,12.0,0.0,36.0
1671,2025-05-04,Midwest,Consumer,Electronics,Headphones,5,80.1,0.1,400.5
1672,2024-04-02,Midwest,Small Business,Home,Desk Lamp,2,31.5,0.1,63.0
1673,2025-05-21,Midwest,Consumer,Home,Coffee Maker,4,63.2,0.2,252.8
1674,2025-10-31,West,Enterprise,Electronics,Keyboard,4,47.2,0.2,188.8
1675,2025-06-30,West,Consumer,Home,Blender,5,65.0,0.0,325.0
1676,2025-08-17,Southeast,Enterprise,Office,Desk Chair,5,151.2,0.2,756.0
1677,2024-03-30,Northeast,Small Business,Electronics,Keyboard,1,59.0,0.0,59.0
1678,2025-07-25,Midwest,Small Business,Home,Desk Lamp,1,35.0,0.0,35.0
1679,2024-05-22,West,Consumer,Home,Coffee Maker,2,63.2,0.2,126.4
1680,2024-08-03,Southeast,Small Business,Electronics,Headphones,2,89.0,0.0,178.0
1681,2024-01-27,Northeast,Enterprise,Office,Desk Chair,3,189.0,0.0,567.0
1682,2025-08-18,Northeast,Consumer,Electronics,Keyboard,5,59.0,0.0,295.0
1683,2025-01-09,Northeast,Enterprise,Electronics,Headphones,2,89.0,0.0,178.0
1684,2025-03-02,Midwest,Small Business,Electronics,Headphones,4,89.0,0.0,356.0
1685,2025-02-25,Midwest,Consumer,Office,Desk Chair,4,189.0,0.0,756.0
1686,2024-06-08,Southeast,Enterprise,Electronics,Monitor,1,183.2,0.2,183.2
1687,2024-06-13,Midwest,Enterprise,Electronics,Keyboard,4,53.1,0.1,212.4
1688,2025-05-28,Southeast,Small Business,Home,Blender,2,58.5,0.1,117.0
1689,2024-04-04,West,Enterprise,Office,Desk Chair,2,189.0,0.0,378.0
1690,2024-02-27,Northeast,Enterprise,Electronics,Keyboard,2,47.2,0.2,94.4
1691,2025-04-24,Southeast,Consumer,Home,Coffee Maker,4,71.1,0.1,284.4
1692,2025-01-15,Northeast,Consumer,Office,Desk Chair,2,189.0,0.0,378.0
1693,2024-03-20,Southeast,Small Business,Home,Blender,3,65.0,0.0,195.0
1694,2024-06-15,Northeast,Small Business,Office,Notebook Pack,1,12.0,0.0,12.0
1695,2024-07-11,Midwest,Consumer,Office,Notebook Pack,1,12.0,0.0,12.0
1696,2025-08-06,Northeast,Consumer,Office,Notebook Pack,5,10.8,0.1,54.0
1697,2024-11-18,Midwest,Small Business,Electronics,Keyboard,3,59.0,0.0,177.0
1698,2025-05-27,Southeast,Enterprise,Electronics,Keyboard,4,59.0,0.0,236.0
1699,2025-11-21,Northeast,Enterprise,Electronics,Keyboard,6,47.2,0.2,283.2
1700,2024-06-02,Northeast,Small Business,Electronics,Monitor,4,206.1,0.1,824.4
1701,2024-06-14,Northeast,Enterprise,Electronics,Monitor,4,229.0,0.0,916.0
1702,2024-08-25,Midwest,Small Business,Electronics,Monitor,2,229.0,0.0,458.0
1703,2024-05-14,West,Consumer,Home,Coffee Maker,3,63.2,0.2,189.6
1704,2025-12-30,Northeast,Consumer,Office,Desk Chair,4,189.0,0.0,756.0
1705,2025-08-03,Southeast,Small Business,Office,Desk Chair,1,189.0,0.0,189.0
1706,2025-07-14,Midwest,Consumer,Electronics,Keyboard,1,53.1,0.1,53.1
1707,2024-10-29,Midwest,Small Business,Electronics,Headphones,3,71.2,0.2,213.6
1708,2024-04-01,West,Small Business,Electronics,Headphones,4,89.0,0.0,356.0
1709,2025-03-28,West,Consumer,Office,Notebook Pack,1,9.6,0.2,9.6
1710,2025-01-07,Southeast,Small Business,Home,Coffee Maker,4,63.2,0.2,252.8
1711,2025-01-10,Northeast,Enterprise,Office,Pen Set,3,9.0,0.0,27.0
1712,2025-02-27,Northeast,Enterprise,Office,Desk Chair,3,189.0,0.0,567.0
1713,2024-09-07,Northeast,Small Business,Office,Pen Set,1,9.0,0.0,9.0
1714,2025-01-19,Southeast,Small Business,Electronics,Monitor,4,229.0,0.0,916.0
1715,2025-04-18,West,Enterprise,Office,Notebook Pack,3,10.8,0.1,32.4
1716,2025-07-01,Northeast,Small Business,Home,Desk Lamp,1,35.0,0.0,35.0
1717,2025-03-19,Midwest,Small Business,Electronics,Keyboard,3,59.0,0.0,177.0
1718,2025-09-10,Midwest,Small Business,Home,Desk Lamp,4,35.0,0.0,140.0
1719,2024-02-09,Southeast,Small Business,Office,Notebook Pack,4,12.0,0.0,48.0
1720,2025-08-04,Midwest,Small Business,Electronics,Monitor,4,229.0,0.0,916.0
1721,2025-04-29,West,Small Business,Electronics,Headphones,2,89.0,0.0,178.0
1722,2024-09-15,Northeast,Small Business,Office,Notebook Pack,1,12.0,0.0,12.0
1723,2025-02-18,Southeast,Enterprise,Electronics,Keyboard,4,53.1,0.1,212.4
1724,2024-09-22,Midwest,Small Business,Electronics,Headphones,1,80.1,0.1,80.1
1725,2024-06-17,West,Enterprise,Electronics,Keyboard,4,53.1,0.1,212.4
1726,2025-12-06,West,Consumer,Electronics,Monitor,6,229.0,0.0,1374.0
1727,2025-07-28,Southeast,Small Business,Office,Notebook Pack,1,9.6,0.2,9.6
1728,2025-11-11,Southeast,Small Business,Office,Pen Set,5,9.0,0.0,45.0
1729,2024-05-31,Midwest,Enterprise,Home,Coffee Maker,1,71.1,0.1,71.1
1730,2024-01-04,Northeast,Consumer,Home,Desk Lamp,4,28.0,0.2,112.0
1731,2024-08-11,Southeast,Enterprise,Office,Notebook Pack,4,9.6,0.2,38.4
1732,2025-01-21,Northeast,Small Business,Electronics,Keyboard,2,59.0,0.0,118.0
1733,2025-01-07,Northeast,Enterprise,Electronics,Keyboard,3,47.2,0.2,141.6
1734,2025-05-26,Midwest,Small Business,Office,Desk Chair,4,170.1,0.1,680.4
1735,2025-07-09,Southeast,Small Business,Home,Blender,3,65.0,0.0,195.0
1736,2025-03-14,Southeast,Enterprise,Home,Desk Lamp,5,28.0,0.2,140.0
1737,2025-03-22,Northeast,Consumer,Home,Coffee Maker,4,79.0,0.0,316.0
1738,2024-04-16,West,Consumer,Electronics,Monitor,1,183.2,0.2,183.2
1739,2025-05-23,West,Enterprise,Office,Pen Set,5,9.0,0.0,45.0
1740,2025-08-18,Southeast,Consumer,Electronics,Monitor,3,206.1,0.1,618.3
1741,2025-04-10,West,Consumer,Office,Desk Chair,1,189.0,0.0,189.0
1742,2024-12-25,Midwest,Consumer,Home,Coffee Maker,6,79.0,0.0,474.0
1743,2025-06-03,West,Enterprise,Home,Coffee Maker,3,79.0,0.0,237.0
1744,2024-09-04,Northeast,Consumer,Electronics,Keyboard,1,59.0,0.0,59.0
1745,2025-01-18,Midwest,Consumer,Office,Pen Set,5,9.0,0.0,45.0
1746,2025-08-08,Southeast,Enterprise,Home,Desk Lamp,5,31.5,0.1,157.5
1747,2025-10-21,Southeast,Enterprise,Home,Desk Lamp,5,31.5,0.1,157.5
1748,2025-02-03,Southeast,Small Business,Office,Notebook Pack,4,12.0,0.0,48.0
1749,2024-08-24,Northeast,Enterprise,Electronics,Monitor,2,183.2,0.2,366.4
1750,2025-08-13,Southeast,Small Business,Home,Blender,3,52.0,0.2,156.0
1751,2024-07-27,Northeast,Enterprise,Electronics,Headphones,1,80.1,0.1,80.1
1752,2025-08-30,Northeast,Enterprise,Electronics,Headphones,5,71.2,0.2,356.0
1753,2025-01-26,Midwest,Consumer,Electronics,Monitor,2,206.1,0.1,412.2
1754,2024-09-02,Southeast,Enterprise,Office,Notebook Pack,3,12.0,0.0,36.0
1755,2025-01-22,Northeast,Consumer,Home,Blender,1,65.0,0.0,65.0
1756,2025-10-04,Northeast,Small Business,Electronics,Monitor,5,229.0,0.0,1145.0
1757,2025-09-02,Midwest,Consumer,Electronics,Headphones,2,89.0,0.0,178.0
1758,2024-04-05,West,Consumer,Electronics,Keyboard,3,59.0,0.0,177.0
1759,2025-05-17,Northeast,Consumer,Electronics,Keyboard,1,53.1,0.1,53.1
1760,2025-12-04,Southeast,Consumer,Home,Coffee Maker,5,71.1,0.1,355.5
1761,2024-11-01,Northeast,Consumer,Electronics,Headphones,7,71.2,0.2,498.4
1762,2024-12-17,Northeast,Consumer,Home,Coffee Maker,7,63.2,0.2,442.4
1763,2025-06-18,Northeast,Enterprise,Office,Desk Chair,1,189.0,0.0,189.0
1764,2024-01-24,Midwest,Consumer,Office,Pen Set,2,9.0,0.0,18.0
1765,2024-08-10,Northeast,Enterprise,Electronics,Keyboard,2,59.0,0.0,118.0
1766,2025-12-09,Southeast,Consumer,Electronics,Keyboard,5,53.1,0.1,265.5
1767,2024-12-22,West,Small Business,Office,Pen Set,5,8.1,0.1,40.5
1768,2025-06-08,Southeast,Enterprise,Home,Desk Lamp,3,35.0,0.0,105.0
1769,2024-10-14,Midwest,Consumer,Home,Desk Lamp,5,28.0,0.2,140.0
1770,2024-07-29,West,Enterprise,Office,Desk Chair,4,170.1,0.1,680.4
1771,2024-10-05,West,Small Business,Home,Blender,1,52.0,0.2,52.0
1772,2024-07-23,West,Consumer,Office,Desk Chair,3,189.0,0.0,567.0
1773,2024-02-04,Midwest,Enterprise,Office,Desk Chair,5,170.1,0.1,850.5
1774,2025-10-22,Northeast,Consumer,Office,Desk Chair,4,189.0,0.0,756.0
1775,2024-11-26,Northeast,Consumer,Home,Desk Lamp,5,35.0,0.0,175.0
1776,2025-11-03,Northeast,Consumer,Home,Coffee Maker,4,79.0,0.0,316.0
1777,2024-11-22,West,Enterprise,Office,Notebook Pack,5,12.0,0.0,60.0
1778,2024-11-25,Midwest,Enterprise,Electronics,Monitor,3,206.1,0.1,618.3
1779,2024-08-05,Midwest,Enterprise,Office,Notebook Pack,1,9.6,0.2,9.6
1780,2025-09-14,West,Small Business,Office,Notebook Pack,5,10.8,0.1,54.0
1781,2024-11-23,West,Consumer,Electronics,Headphones,3,80.1,0.1,240.3
1782,2024-10-08,Southeast,Enterprise,Home,Desk Lamp,1,31.5,0.1,31.5
1783,2024-11-30,Northeast,Small Business,Office,Desk Chair,4,151.2,0.2,604.8
1784,2024-01-19,Midwest,Consumer,Office,Pen Set,1,8.1,0.1,8.1
1785,2025-02-16,Midwest,Enterprise,Electronics,Monitor,5,229.0,0.0,1145.0
1786,2024-01-17,Midwest,Small Business,Electronics,Keyboard,1,53.1,0.1,53.1
1787,2024-11-20,Midwest,Small Business,Home,Coffee Maker,3,63.2,0.2,189.6
1788,2025-09-19,West,Enterprise,Electronics,Keyboard,3,53.1,0.1,159.3
1789,2024-05-04,Southeast,Consumer,Home,Blender,1,65.0,0.0,65.0
1790,2024-01-11,Southeast,Consumer,Electronics,Headphones,3,80.1,0.1,240.3
1791,2024-03-31,Northeast,Enterprise,Electronics,Monitor,3,183.2,0.2,549.6
1792,2024-02-23,Midwest,Consumer,Home,Desk Lamp,1,35.0,0.0,35.0
1793,2024-09-27,Midwest,Enterprise,Home,Blender,5,58.5,0.1,292.5
1794,2024-06-23,Southeast,Small Business,Electronics,Monitor,4,229.0,0.0,916.0
1795,2024-05-31,Southeast,Enterprise,Office,Desk Chair,4,189.0,0.0,756.0
1796,2025-05-04,West,Consumer,Office,Desk Chair,3,189.0,0.0,567.0
1797,2024-04-04,Southeast,Enterprise,Home,Coffee Maker,1,79.0,0.0,79.0
1798,2025-10-24,West,Consumer,Office,Notebook Pack,1,12.0,0.0,12.0
1799,2024-08-05,West,Consumer,Electronics,Monitor,2,206.1,0.1,412.2
1800,2025-05-14,Midwest,Small Business,Electronics,Keyboard,2,47.2,0.2,94.4
1801,2025-12-26,Northeast,Consumer,Home,Blender,4,52.0,0.2,208.0
1802,2024-08-12,Southeast,Small Business,Home,Coffee Maker,4,63.2,0.2,252.8
1803,2024-07-11,Midwest,Enterprise,Electronics,Keyboard,4,59.0,0.0,236.0
1804,2025-10-25,Northeast,Consumer,Electronics,Headphones,4,89.0,0.0,356.0
1805,2024-01-17,West,Enterprise,Home,Desk Lamp,3,35.0,0.0,105.0
1806,2025-06-27,Northeast,Small Business,Home,Coffee Maker,3,79.0,0.0,237.0
1807,2025-03-17,West,Enterprise,Electronics,Headphones,4,71.2,0.2,284.8
1808,2024-12-07,Northeast,Consumer,Electronics,Keyboard,5,59.0,0.0,295.0
1809,2025-10-26,Midwest,Consumer,Home,Blender,4,65.0,0.0,260.0
1810,2025-02-16,West,Enterprise,Electronics,Monitor,3,183.2,0.2,549.6
1811,2025-03-19,Northeast,Consumer,Electronics,Monitor,1,229.0,0.0,229.0
1812,2024-04-27,Southeast,Consumer,Electronics,Headphones,5,89.0,0.0,445.0
1813,2025-06-28,West,Small Business,Electronics,Keyboard,2,47.2,0.2,94.4
1814,2025-02-06,Southeast,Consumer,Electronics,Headphones,3,80.1,0.1,240.3
1815,2024-07-27,Midwest,Enterprise,Home,Blender,3,52.0,0.2,156.0
1816,2024-01-04,West,Enterprise,Electronics,Headphones,5,71.2,0.2,356.0
1817,2024-11-08,Northeast,Consumer,Office,Notebook Pack,4,12.0,0.0,48.0
1818,2024-07-10,West,Small Business,Home,Coffee Maker,2,79.0,0.0,158.0
1819,2024-12-08,Southeast,Enterprise,Electronics,Headphones,5,89.0,0.0,445.0
1820,2024-01-10,Northeast,Small Business,Office,Desk Chair,4,151.2,0.2,604.8
1821,2024-09-10,Midwest,Consumer,Home,Desk Lamp,1,35.0,0.0,35.0
1822,2025-06-21,Northeast,Small Business,Office,Notebook Pack,2,12.0,0.0,24.0
1823,2024-12-09,Midwest,Enterprise,Home,Coffee Maker,5,63.2,0.2,316.0
1824,2025-05-13,Midwest,Small Business,Home,Coffee Maker,4,79.0,0.0,316.0
1825,2025-12-28,Northeast,Small Business,Home,Blender,7,58.5,0.1,409.5
1826,2025-12-03,West,Consumer,Office,Pen Set,3,9.0,0.0,27.0
1827,2025-11-06,Southeast,Enterprise,Electronics,Keyboard,6,59.0,0.0,354.0
1828,2025-12-13,Southeast,Small Business,Home,Coffee Maker,4,79.0,0.0,316.0
1829,2025-10-16,Southeast,Small Business,Electronics,Keyboard,5,53.1,0.1,265.5
1830,2025-11-26,West,Small Business,Home,Coffee Maker,6,63.2,0.2,379.2
1831,2024-11-12,Midwest,Enterprise,Electronics,Headphones,7,71.2,0.2,498.4
1832,2024-05-05,Midwest,Consumer,Home,Coffee Maker,5,79.0,0.0,395.0
1833,2024-01-09,Southeast,Enterprise,Home,Blender,2,58.5,0.1,117.0
1834,2024-10-23,West,Small Business,Office,Pen Set,2,9.0,0.0,18.0
1835,2024-03-07,Southeast,Small Business,Home,Desk Lamp,4,35.0,0.0,140.0
1836,2025-08-30,Northeast,Small Business,Electronics,Headphones,4,89.0,0.0,356.0
1837,2024-12-26,Southeast,Small Business,Office,Notebook Pack,3,12.0,0.0,36.0
1838,2024-10-17,Northeast,Enterprise,Office,Pen Set,5,9.0,0.0,45.0
1839,2024-10-04,Northeast,Small Business,Electronics,Monitor,2,206.1,0.1,412.2
1840,2024-08-12,West,Small Business,Electronics,Keyboard,3,59.0,0.0,177.0
1841,2025-02-12,Midwest,Consumer,Electronics,Keyboard,3,47.2,0.2,141.6
1842,2025-07-31,Southeast,Enterprise,Home,Blender,3,52.0,0.2,156.0
1843,2024-07-23,Southeast,Small Business,Home,Desk Lamp,4,28.0,0.2,112.0
1844,2024-11-08,Southeast,Small Business,Electronics,Keyboard,7,53.1,0.1,371.7
1845,2025-03-23,Midwest,Enterprise,Electronics,Headphones,5,80.1,0.1,400.5
1846,2025-12-02,West,Small Business,Office,Desk Chair,6,189.0,0.0,1134.0
1847,2025-03-06,Northeast,Small Business,Home,Coffee Maker,1,63.2,0.2,63.2
1848,2024-03-31,Midwest,Consumer,Electronics,Monitor,3,229.0,0.0,687.0
1849,2025-09-27,West,Consumer,Office,Pen Set,3,9.0,0.0,27.0
1850,2025-02-16,West,Consumer,Office,Notebook Pack,4,9.6,0.2,38.4
1851,2024-03-27,Northeast,Small Business,Electronics,Keyboard,1,59.0,0.0,59.0
1852,2025-08-02,Northeast,Enterprise,Home,Blender,3,65.0,0.0,195.0
1853,2025-08-21,Southeast,Enterprise,Office,Pen Set,1,9.0,0.0,9.0
1854,2025-05-22,Midwest,Enterprise,Electronics,Headphones,2,89.0,0.0,178.0
1855,2024-01-07,Northeast,Consumer,Home,Blender,2,65.0,0.0,130.0
1856,2024-06-05,Southeast,Consumer,Office,Notebook Pack,5,12.0,0.0,60.0
1857,2024-04-16,West,Consumer,Home,Desk Lamp,5,31.5,0.1,157.5
1858,2024-05-04,Southeast,Enterprise,Home,Coffee Maker,4,79.0,0.0,316.0
1859,2024-09-23,Northeast,Small Business,Office,Pen Set,4,7.2,0.2,28.8
1860,2024-05-29,Southeast,Consumer,Office,Notebook Pack,2,12.0,0.0,24.0
1861,2025-06-07,West,Small Business,Office,Pen Set,5,9.0,0.0,45.0
1862,2024-10-23,West,Small Business,Home,Blender,1,52.0,0.2,52.0
1863,2025-11-14,West,Small Business,Home,Coffee Maker,6,79.0,0.0,474.0
1864,2025-03-11,Northeast,Enterprise,Electronics,Headphones,3,80.1,0.1,240.3
1865,2025-02-02,West,Consumer,Electronics,Monitor,3,229.0,0.0,687.0
1866,2024-12-29,Northeast,Consumer,Electronics,Keyboard,6,59.0,0.0,354.0
1867,2025-01-01,West,Enterprise,Office,Pen Set,2,9.0,0.0,18.0
1868,2024-03-05,Midwest,Small Business,Electronics,Monitor,2,229.0,0.0,458.0
1869,2024-05-23,Northeast,Enterprise,Home,Blender,3,58.5,0.1,175.5
1870,2025-05-10,Midwest,Consumer,Home,Coffee Maker,5,79.0,0.0,395.0
1871,2025-12-15,West,Consumer,Home,Blender,7,65.0,0.0,455.0
1872,2024-02-16,Northeast,Enterprise,Electronics,Monitor,2,229.0,0.0,458.0
1873,2024-04-18,Southeast,Enterprise,Home,Blender,4,65.0,0.0,260.0
1874,2024-08-30,Northeast,Consumer,Electronics,Headphones,4,80.1,0.1,320.4
1875,2025-09-18,West,Small Business,Home,Desk Lamp,1,35.0,0.0,35.0
1876,2025-09-13,Northeast,Enterprise,Office,Notebook Pack,2,12.0,0.0,24.0
1877,2025-04-05,Southeast,Consumer,Home,Desk Lamp,5,28.0,0.2,140.0
1878,2024-09-15,Southeast,Enterprise,Home,Coffee Maker,3,79.0,0.0,237.0
1879,2024-06-14,Northeast,Enterprise,Home,Blender,2,65.0,0.0,130.0
1880,2025-11-15,Northeast,Small Business,Electronics,Headphones,3,89.0,0.0,267.0
1881,2025-02-21,Southeast,Enterprise,Office,Pen Set,1,9.0,0.0,9.0
1882,2025-10-19,West,Enterprise,Office,Desk Chair,2,189.0,0.0,378.0
1883,2024-12-26,Northeast,Small Business,Home,Blender,7,65.0,0.0,455.0
1884,2025-03-13,Northeast,Consumer,Office,Desk Chair,1,151.2,0.2,151.2
1885,2025-06-13,Southeast,Consumer,Home,Desk Lamp,1,31.5,0.1,31.5
1886,2025-09-07,Midwest,Small Business,Office,Desk Chair,1,189.0,0.0,189.0
1887,2025-02-03,Midwest,Consumer,Office,Desk Chair,1,189.0,0.0,189.0
1888,2025-07-01,Midwest,Small Business,Office,Notebook Pack,5,9.6,0.2,48.0
1889,2025-09-25,West,Small Business,Electronics,Monitor,1,183.2,0.2,183.2
1890,2025-10-30,Midwest,Consumer,Electronics,Headphones,3,80.1,0.1,240.3
1891,2024-12-08,Midwest,Enterprise,Electronics,Headphones,4,71.2,0.2,284.8
1892,2024-03-04,Northeast,Small Business,Electronics,Keyboard,1,47.2,0.2,47.2
1893,2024-03-13,West,Consumer,Home,Blender,5,65.0,0.0,325.0
1894,2024-10-04,West,Enterprise,Office,Notebook Pack,1,12.0,0.0,12.0
1895,2024-08-18,Midwest,Consumer,Office,Desk Chair,4,170.1,0.1,680.4
1896,2024-01-22,West,Enterprise,Electronics,Headphones,2,71.2,0.2,142.4
1897,2025-12-01,Northeast,Small Business,Office,Notebook Pack,7,10.8,0.1,75.6
1898,2025-01-21,Southeast,Consumer,Office,Notebook Pack,4,10.8,0.1,43.2
1899,2025-03-24,Southeast,Small Business,Electronics,Monitor,3,229.0,0.0,687.0
1900,2025-03-23,Northeast,Consumer,Electronics,Headphones,2,89.0,0.0,178.0
1901,2025-02-26,Northeast,Enterprise,Office,Pen Set,5,9.0,0.0,45.0
1902,2024-09-12,West,Consumer,Electronics,Headphones,1,89.0,0.0,89.0
1903,2024-10-16,Southeast,Small Business,Electronics,Keyboard,3,47.2,0.2,141.6
1904,2024-05-12,Northeast,Consumer,Office,Desk Chair,4,189.0,0.0,756.0
1905,2024-09-13,Southeast,Small Business,Office,Notebook Pack,4,12.0,0.0,48.0
1906,2024-11-05,Midwest,Small Business,Home,Blender,5,65.0,0.0,325.0
1907,2025-12-15,Midwest,Small Business,Office,Pen Set,3,9.0,0.0,27.0
1908,2025-12-23,Southeast,Consumer,Office,Desk Chair,5,189.0,0.0,945.0
1909,2025-06-17,Northeast,Small Business,Electronics,Keyboard,5,59.0,0.0,295.0
1910,2024-05-25,Northeast,Consumer,Electronics,Headphones,4,80.1,0.1,320.4
1911,2025-05-25,West,Small Business,Electronics,Keyboard,3,47.2,0.2,141.6
1912,2024-03-27,West,Consumer,Electronics,Keyboard,5,53.1,0.1,265.5
1913,2025-01-26,Southeast,Small Business,Home,Coffee Maker,1,79.0,0.0,79.0
1914,2024-07-07,Midwest,Consumer,Office,Desk Chair,5,189.0,0.0,945.0
1915,2025-07-08,Midwest,Enterprise,Home,Desk Lamp,5,35.0,0.0,175.0
1916,2024-08-09,West,Enterprise,Electronics,Keyboard,5,53.1,0.1,265.5
1917,2024-02-28,West,Small Business,Electronics,Monitor,4,229.0,0.0,916.0
1918,2025-08-09,Southeast,Small Business,Office,Pen Set,5,9.0,0.0,45.0
1919,2025-04-23,Midwest,Enterprise,Office,Notebook Pack,2,12.0,0.0,24.0
1920,2024-10-07,Midwest,Enterprise,Electronics,Headphones,5,89.0,0.0,445.0
1921,2025-02-08,Midwest,Enterprise,Electronics,Monitor,3,229.0,0.0,687.0
1922,2024-09-13,Midwest,Enterprise,Office,Pen Set,1,9.0,0.0,9.0
1923,2025-11-07,West,Consumer,Home,Coffee Maker,4,71.1,0.1,284.4
1924,2025-03-26,West,Enterprise,Electronics,Keyboard,1,59.0,0.0,59.0
1925,2025-07-23,Northeast,Small Business,Electronics,Keyboard,1,47.2,0.2,47.2
1926,2025-09-16,Southeast,Small Business,Office,Desk Chair,1,170.1,0.1,170.1
1927,2024-10-09,Southeast,Consumer,Home,Coffee Maker,2,79.0,0.0,158.0
1928,2025-09-24,Northeast,Consumer,Office,Notebook Pack,2,12.0,0.0,24.0
1929,2025-12-01,Northeast,Enterprise,Office,Desk Chair,7,189.0,0.0,1323.0
1930,2024-08-21,Northeast,Enterprise,Electronics,Monitor,3,229.0,0.0,687.0
1931,2024-12-27,Southeast,Small Business,Office,Pen Set,3,7.2,0.2,21.6
1932,2024-04-21,Northeast,Consumer,Electronics,Monitor,4,229.0,0.0,916.0
1933,2024-07-27,Northeast,Enterprise,Home,Blender,3,58.5,0.1,175.5
1934,2025-03-12,Midwest,Small Business,Home,Desk Lamp,1,35.0,0.0,35.0
1935,2025-02-21,Northeast,Consumer,Office,Desk Chair,4,189.0,0.0,756.0
1936,2025-01-12,Northeast,Consumer,Electronics,Keyboard,2,47.2,0.2,94.4
1937,2025-09-15,Midwest,Consumer,Electronics,Keyboard,5,47.2,0.2,236.0
1938,2025-01-22,Northeast,Consumer,Office,Notebook Pack,2,10.8,0.1,21.6
1939,2024-08-17,West,Enterprise,Office,Pen Set,5,7.2,0.2,36.0
1940,2024-05-04,West,Small Business,Office,Notebook Pack,5,10.8,0.1,54.0
1941,2024-10-02,Midwest,Consumer,Electronics,Monitor,3,229.0,0.0,687.0
1942,2025-01-05,Southeast,Small Business,Electronics,Keyboard,3,59.0,0.0,177.0
1943,2025-02-23,Northeast,Small Business,Home,Desk Lamp,3,28.0,0.2,84.0
1944,2025-10-31,West,Consumer,Home,Blender,2,58.5,0.1,117.0
1945,2025-08-06,Southeast,Enterprise,Electronics,Monitor,2,206.1,0.1,412.2
1946,2024-09-23,Northeast,Small Business,Home,Coffee Maker,3,79.0,0.0,237.0
1947,2025-03-07,Southeast,Consumer,Office,Notebook Pack,5,10.8,0.1,54.0
1948,2025-04-09,Midwest,Enterprise,Electronics,Headphones,1,80.1,0.1,80.1
1949,2025-12-29,Northeast,Small Business,Home,Blender,3,65.0,0.0,195.0
1950,2024-01-25,West,Small Business,Office,Notebook Pack,1,12.0,0.0,12.0
1951,2024-12-28,Midwest,Consumer,Electronics,Keyboard,7,59.0,0.0,413.0
1952,2024-12-10,Northeast,Enterprise,Home,Blender,7,52.0,0.2,364.0
1953,2024-02-16,West,Enterprise,Electronics,Monitor,3,206.1,0.1,618.3
1954,2025-04-05,Southeast,Enterprise,Office,Desk Chair,3,170.1,0.1,510.3
1955,2024-07-06,Southeast,Consumer,Office,Pen Set,5,9.0,0.0,45.0
1956,2025-08-30,Midwest,Small Business,Office,Desk Chair,4,170.1,0.1,680.4
1957,2024-06-29,Northeast,Consumer,Office,Pen Set,5,9.0,0.0,45.0
1958,2024-10-31,West,Small Business,Home,Coffee Maker,1,63.2,0.2,63.2
1959,2024-11-26,Northeast,Enterprise,Home,Coffee Maker,4,79.0,0.0,316.0
1960,2024-08-03,Midwest,Consumer,Home,Blender,3,52.0,0.2,156.0
1961,2024-12-21,Midwest,Small Business,Home,Desk Lamp,3,35.0,0.0,105.0
1962,2025-03-25,Northeast,Consumer,Electronics,Headphones,3,89.0,0.0,267.0
1963,2025-11-13,Southeast,Consumer,Home,Desk Lamp,3,35.0,0.0,105.0
1964,2025-09-04,Northeast,Small Business,Electronics,Monitor,5,229.0,0.0,1145.0
1965,2024-01-27,West,Enterprise,Home,Desk Lamp,3,28.0,0.2,84.0
1966,2025-03-31,Northeast,Enterprise,Office,Notebook Pack,4,12.0,0.0,48.0
1967,2025-12-24,Midwest,Consumer,Electronics,Keyboard,6,53.1,0.1,318.6
1968,2024-05-20,Northeast,Enterprise,Home,Blender,1,65.0,0.0,65.0
1969,2024-08-15,Midwest,Small Business,Office,Notebook Pack,3,12.0,0.0,36.0
1970,2025-04-09,Midwest,Consumer,Office,Pen Set,5,9.0,0.0,45.0
1971,2025-03-19,Southeast,Enterprise,Electronics,Monitor,5,229.0,0.0,1145.0
1972,2025-11-07,Southeast,Enterprise,Office,Notebook Pack,3,12.0,0.0,36.0
1973,2025-01-20,West,Consumer,Electronics,Monitor,2,229.0,0.0,458.0
1974,2025-05-11,Southeast,Consumer,Electronics,Monitor,4,229.0,0.0,916.0
1975,2025-10-12,West,Consumer,Electronics,Monitor,2,229.0,0.0,458.0
1976,2025-05-17,Northeast,Small Business,Office,Pen Set,2,9.0,0.0,18.0
1977,2025-12-05,Southeast,Enterprise,Home,Blender,6,52.0,0.2,312.0
1978,2024-12-23,Southeast,Small Business,Home,Blender,4,65.0,0.0,260.0
1979,2025-11-15,Midwest,Enterprise,Home,Coffee Maker,6,63.2,0.2,379.2
1980,2025-05-07,Midwest,Small Business,Home,Desk Lamp,2,35.0,0.0,70.0
1981,2025-04-02,Southeast,Small Business,Home,Desk Lamp,4,35.0,0.0,140.0
1982,2024-11-22,Southeast,Small Business,Office,Notebook Pack,5,10.8,0.1,54.0
1983,2025-05-15,Midwest,Small Business,Office,Desk Chair,2,189.0,0.0,378.0
1984,2025-06-03,Midwest,Small Business,Electronics,Keyboard,1,47.2,0.2,47.2
1985,2025-11-22,West,Small Business,Home,Coffee Maker,6,71.1,0.1,426.6
1986,2024-09-23,Midwest,Enterprise,Electronics,Keyboard,4,59.0,0.0,236.0
1987,2024-02-16,Southeast,Enterprise,Home,Coffee Maker,4,79.0,0.0,316.0
1988,2024-07-30,Midwest,Consumer,Office,Notebook Pack,5,9.6,0.2,48.0
1989,2025-09-11,Northeast,Enterprise,Office,Notebook Pack,1,10.8,0.1,10.8
1990,2024-12-07,Southeast,Small Business,Home,Blender,3,65.0,0.0,195.0
1991,2025-07-02,Southeast,Small Business,Electronics,Headphones,5,80.1,0.1,400.5
1992,2024-06-14,Southeast,Consumer,Home,Coffee Maker,4,79.0,0.0,316.0
1993,2024-02-06,West,Small Business,Electronics,Monitor,1,183.2,0.2,183.2
1994,2024-02-13,Southeast,Enterprise,Electronics,Keyboard,3,59.0,0.0,177.0
1995,2025-12-05,West,Enterprise,Electronics,Headphones,5,89.0,0.0,445.0
1996,2025-02-14,Northeast,Consumer,Electronics,Monitor,3,229.0,0.0,687.0
1997,2025-05-31,Northeast,Enterprise,Office,Pen Set,4,9.0,0.0,36.0
1998,2025-07-08,West,Consumer,Office,Notebook Pack,1,9.6,0.2,9.6
1999,2025-09-12,Northeast,Small Business,Home,Coffee Maker,4,63.2,0.2,252.8
2000,2024-10-07,West,Small Business,Home,Desk Lamp,1,35.0,0.0,35.0
2001,2024-10-25,Midwest,Small Business,Home,Desk Lamp,2,31.5,0.1,63.0
2002,2024-10-18,West,Consumer,Office,Pen Set,5,9.0,0.0,45.0
2003,2025-05-23,Northeast,Small Business,Office,Desk Chair,3,151.2,0.2,453.6
2004,2024-08-17,West,Small Business,Office,Notebook Pack,4,12.0,0.0,48.0
2005,2025-05-03,Southeast,Enterprise,Office,Notebook Pack,3,12.0,0.0,36.0
2006,2024-03-26,West,Enterprise,Electronics,Monitor,2,229.0,0.0,458.0
2007,2024-09-12,West,Enterprise,Electronics,Headphones,4,71.2,0.2,284.8
2008,2025-08-03,West,Small Business,Electronics,Headphones,4,89.0,0.0,356.0
2009,2024-12-11,West,Consumer,Electronics,Headphones,5,71.2,0.2,356.0
2010,2024-10-01,West,Small Business,Office,Notebook Pack,5,10.8,0.1,54.0
2011,2025-10-29,Northeast,Consumer,Electronics,Keyboard,4,53.1,0.1,212.4
2012,2025-03-11,Northeast,Consumer,Office,Notebook Pack,4,12.0,0.0,48.0
2013,2025-06-16,West,Consumer,Office,Notebook Pack,2,12.0,0.0,24.0
2014,2024-02-09,West,Consumer,Home,Coffee Maker,2,63.2,0.2,126.4
2015,2025-07-14,Northeast,Small Business,Home,Coffee Maker,1,79.0,0.0,79.0
2016,2024-10-28,Midwest,Enterprise,Office,Pen Set,3,7.2,0.2,21.6
2017,2025-01-15,Midwest,Enterprise,Office,Pen Set,2,9.0,0.0,18.0
2018,2025-12-02,Midwest,Small Business,Electronics,Monitor,5,183.2,0.2,916.0
2019,2025-04-18,West,Consumer,Electronics,Keyboard,2,59.0,0.0,118.0
2020,2024-11-21,Northeast,Consumer,Home,Desk Lamp,4,31.5,0.1,126.0
2021,2024-11-15,West,Small Business,Office,Notebook Pack,4,12.0,0.0,48.0
2022,2024-04-06,Southeast,Consumer,Electronics,Monitor,4,183.2,0.2,732.8
2023,2024-12-24,Northeast,Consumer,Office,Pen Set,4,9.0,0.0,36.0
2024,2024-10-08,Midwest,Enterprise,Home,Coffee Maker,5,79.0,0.0,395.0
2025,2025-02-16,Northeast,Enterprise,Home,Blender,5,65.0,0.0,325.0
2026,2024-06-05,Southeast,Small Business,Electronics,Monitor,2,229.0,0.0,458.0
2027,2025-07-31,West,Small Business,Electronics,Headphones,5,71.2,0.2,356.0
2028,2025-08-12,West,Consumer,Office,Pen Set,3,7.2,0.2,21.6
2029,2024-06-21,Southeast,Consumer,Electronics,Headphones,2,89.0,0.0,178.0
2030,2024-06-17,Northeast,Consumer,Home,Desk Lamp,3,35.0,0.0,105.0
2031,2025-06-07,Midwest,Enterprise,Home,Coffee Maker,4,79.0,0.0,316.0
2032,2024-04-30,West,Enterprise,Electronics,Monitor,4,206.1,0.1,824.4
2033,2025-04-30,Northeast,Enterprise,Home,Coffee Maker,5,79.0,0.0,395.0
2034,2024-08-07,West,Enterprise,Electronics,Monitor,3,229.0,0.0,687.0
2035,2025-03-28,West,Enterprise,Home,Blender,3,65.0,0.0,195.0
2036,2024-12-22,Midwest,Enterprise,Electronics,Headphones,5,80.1,0.1,400.5
2037,2025-03-10,West,Small Business,Electronics,Monitor,5,229.0,0.0,1145.0
2038,2024-07-02,Midwest,Enterprise,Office,Notebook Pack,2,10.8,0.1,21.6
2039,2024-07-18,Northeast,Small Business,Electronics,Monitor,3,229.0,0.0,687.0
2040,2024-09-16,Northeast,Enterprise,Office,Notebook Pack,5,12.0,0.0,60.0
2041,2024-10-08,Midwest,Small Business,Office,Desk Chair,4,189.0,0.0,756.0
2042,2025-10-02,West,Small Business,Electronics,Monitor,1,206.1,0.1,206.1
2043,2024-06-26,Northeast,Small Business,Home,Blender,5,65.0,0.0,325.0
2044,2024-01-30,Southeast,Consumer,Office,Pen Set,2,9.0,0.0,18.0
2045,2025-03-05,Midwest,Consumer,Electronics,Headphones,4,89.0,0.0,356.0
2046,2025-07-11,Midwest,Enterprise,Home,Desk Lamp,5,35.0,0.0,175.0
2047,2024-11-20,Northeast,Enterprise,Office,Notebook Pack,7,12.0,0.0,84.0
2048,2025-02-16,Southeast,Enterprise,Home,Blender,1,65.0,0.0,65.0
2049,2024-05-31,West,Consumer,Office,Desk Chair,1,189.0,0.0,189.0
2050,2024-10-09,Southeast,Enterprise,Office,Notebook Pack,5,10.8,0.1,54.0
2051,2024-01-04,Northeast,Small Business,Home,Coffee Maker,5,79.0,0.0,395.0
2052,2025-04-22,West,Consumer,Office,Pen Set,1,7.2,0.2,7.2
2053,2024-04-29,Midwest,Enterprise,Electronics,Headphones,1,89.0,0.0,89.0
2054,2025-10-03,Midwest,Small Business,Electronics,Headphones,1,89.0,0.0,89.0
2055,2024-03-24,Southeast,Small Business,Office,Notebook Pack,3,12.0,0.0,36.0
2056,2024-02-24,Midwest,Consumer,Home,Blender,3,65.0,0.0,195.0
2057,2025-08-01,Midwest,Consumer,Home,Coffee Maker,2,79.0,0.0,158.0
2058,2024-06-30,Northeast,Small Business,Home,Coffee Maker,4,79.0,0.0,316.0
2059,2024-12-29,West,Enterprise,Office,Desk Chair,5,151.2,0.2,756.0
2060,2025-12-04,Southeast,Enterprise,Electronics,Headphones,7,80.1,0.1,560.7
2061,2025-08-05,Midwest,Consumer,Electronics,Monitor,4,229.0,0.0,916.0
2062,2024-12-16,Northeast,Enterprise,Office,Pen Set,7,9.0,0.0,63.0
2063,2024-08-03,Northeast,Consumer,Home,Desk Lamp,4,35.0,0.0,140.0
2064,2025-06-13,Southeast,Small Business,Office,Pen Set,2,8.1,0.1,16.2
2065,2025-08-23,Northeast,Small Business,Home,Coffee Maker,5,71.1,0.1,355.5
2066,2025-12-19,Southeast,Small Business,Electronics,Monitor,5,229.0,0.0,1145.0
2067,2025-05-01,Midwest,Small Business,Home,Coffee Maker,1,79.0,0.0,79.0
2068,2024-06-15,West,Enterprise,Home,Blender,2,65.0,0.0,130.0
2069,2025-04-12,West,Consumer,Office,Pen Set,4,8.1,0.1,32.4
2070,2024-09-15,West,Enterprise,Office,Desk Chair,5,189.0,0.0,945.0
2071,2025-02-14,Northeast,Small Business,Home,Desk Lamp,2,28.0,0.2,56.0
2072,2025-03-12,Northeast,Consumer,Home,Blender,4,52.0,0.2,208.0
2073,2025-06-08,Southeast,Enterprise,Electronics,Keyboard,5,47.2,0.2,236.0
2074,2024-05-22,Northeast,Small Business,Electronics,Monitor,3,229.0,0.0,687.0
2075,2024-05-24,West,Consumer,Home,Coffee Maker,4,79.0,0.0,316.0
2076,2025-11-05,Midwest,Consumer,Electronics,Headphones,4,89.0,0.0,356.0
2077,2024-07-08,Southeast,Consumer,Electronics,Headphones,4,89.0,0.0,356.0
2078,2025-12-02,Southeast,Small Business,Office,Desk Chair,3,170.1,0.1,510.3
2079,2024-04-12,West,Enterprise,Home,Blender,4,65.0,0.0,260.0
2080,2025-01-20,West,Consumer,Home,Blender,2,65.0,0.0,130.0
2081,2024-11-21,West,Enterprise,Electronics,Keyboard,5,59.0,0.0,295.0
2082,2025-02-07,Northeast,Consumer,Office,Notebook Pack,3,10.8,0.1,32.4
2083,2025-09-15,Midwest,Enterprise,Electronics,Headphones,3,89.0,0.0,267.0
2084,2024-01-02,Southeast,Consumer,Office,Pen Set,4,9.0,0.0,36.0
2085,2025-05-26,West,Consumer,Electronics,Headphones,2,89.0,0.0,178.0
2086,2024-12-13,Southeast,Small Business,Home,Blender,4,58.5,0.1,234.0
2087,2024-11-14,Midwest,Small Business,Home,Blender,6,65.0,0.0,390.0
2088,2024-07-02,West,Consumer,Electronics,Keyboard,5,59.0,0.0,295.0
2089,2024-12-20,Northeast,Consumer,Office,Pen Set,3,8.1,0.1,24.3
2090,2024-11-22,West,Consumer,Electronics,Monitor,7,206.1,0.1,1442.7
2091,2025-05-12,Northeast,Small Business,Office,Pen Set,4,8.1,0.1,32.4
2092,2025-03-11,West,Enterprise,Home,Blender,1,52.0,0.2,52.0
2093,2025-01-16,Midwest,Consumer,Home,Blender,3,52.0,0.2,156.0
2094,2024-07-02,Southeast,Consumer,Home,Blender,4,65.0,0.0,260.0
2095,2024-12-11,West,Small Business,Office,Pen Set,5,9.0,0.0,45.0
2096,2024-02-19,West,Small Business,Home,Coffee Maker,1,79.0,0.0,79.0
2097,2025-01-10,West,Small Business,Electronics,Monitor,3,229.0,0.0,687.0
2098,2025-11-22,Southeast,Small Business,Home,Desk Lamp,7,35.0,0.0,245.0
2099,2024-12-31,Midwest,Enterprise,Home,Desk Lamp,6,35.0,0.0,210.0
2100,2024-02-06,West,Consumer,Office,Notebook Pack,3,12.0,0.0,36.0
2101,2024-06-28,Southeast,Enterprise,Electronics,Monitor,1,229.0,0.0,229.0
2102,2025-05-20,Southeast,Enterprise,Home,Coffee Maker,3,71.1,0.1,213.3
2103,2025-06-20,Midwest,Small Business,Office,Desk Chair,1,189.0,0.0,189.0
2104,2024-02-09,Northeast,Small Business,Electronics,Monitor,1,206.1,0.1,206.1
2105,2025-10-14,Northeast,Consumer,Office,Desk Chair,4,170.1,0.1,680.4
2106,2024-09-20,Northeast,Consumer,Office,Pen Set,1,8.1,0.1,8.1
2107,2025-08-07,Southeast,Enterprise,Home,Coffee Maker,5,63.2,0.2,316.0
2108,2024-02-20,West,Small Business,Home,Blender,4,65.0,0.0,260.0
2109,2025-12-06,West,Consumer,Electronics,Keyboard,7,59.0,0.0,413.0
2110,2025-11-25,Southeast,Consumer,Home,Coffee Maker,3,71.1,0.1,213.3
2111,2025-02-28,West,Enterprise,Office,Notebook Pack,3,12.0,0.0,36.0
2112,2025-10-12,Northeast,Enterprise,Home,Desk Lamp,2,35.0,0.0,70.0
2113,2024-11-28,West,Enterprise,Electronics,Headphones,7,89.0,0.0,623.0
2114,2025-03-06,West,Small Business,Office,Pen Set,3,7.2,0.2,21.6
2115,2025-07-25,Midwest,Small Business,Electronics,Keyboard,3,59.0,0.0,177.0
2116,2024-06-04,Southeast,Enterprise,Home,Blender,4,65.0,0.0,260.0
2117,2025-02-03,Northeast,Enterprise,Home,Coffee Maker,1,63.2,0.2,63.2
2118,2025-05-13,Midwest,Small Business,Office,Desk Chair,1,189.0,0.0,189.0
2119,2024-10-25,Southeast,Enterprise,Home,Coffee Maker,4,79.0,0.0,316.0
2120,2025-08-21,West,Small Business,Electronics,Monitor,3,183.2,0.2,549.6
2121,2024-01-24,West,Enterprise,Home,Blender,4,65.0,0.0,260.0
2122,2024-05-14,West,Consumer,Home,Blender,1,65.0,0.0,65.0
2123,2024-08-04,Southeast,Enterprise,Electronics,Monitor,3,229.0,0.0,687.0
2124,2025-02-14,West,Enterprise,Office,Desk Chair,3,189.0,0.0,567.0
2125,2024-10-12,West,Consumer,Home,Coffee Maker,1,79.0,0.0,79.0
2126,2025-02-17,Southeast,Consumer,Home,Coffee Maker,3,71.1,0.1,213.3
2127,2025-02-13,West,Enterprise,Home,Desk Lamp,5,35.0,0.0,175.0
2128,2024-06-25,West,Small Business,Office,Notebook Pack,4,9.6,0.2,38.4
2129,2025-02-24,Southeast,Consumer,Electronics,Monitor,1,183.2,0.2,183.2
2130,2025-09-16,West,Consumer,Office,Pen Set,1,7.2,0.2,7.2
2131,2024-11-28,West,Enterprise,Office,Notebook Pack,4,9.6,0.2,38.4
2132,2024-04-03,Southeast,Consumer,Home,Desk Lamp,5,31.5,0.1,157.5
2133,2025-04-13,West,Enterprise,Home,Blender,2,65.0,0.0,130.0
2134,2024-07-23,Northeast,Consumer,Home,Desk Lamp,3,35.0,0.0,105.0
2135,2025-08-14,West,Consumer,Home,Coffee Maker,2,63.2,0.2,126.4
2136,2024-06-30,Midwest,Consumer,Home,Blender,1,52.0,0.2,52.0
2137,2024-09-07,Northeast,Enterprise,Home,Blender,1,65.0,0.0,65.0
2138,2025-11-24,Northeast,Small Business,Home,Blender,6,58.5,0.1,351.0
2139,2024-09-23,Northeast,Small Business,Office,Pen Set,1,7.2,0.2,7.2
2140,2025-05-07,Northeast,Small Business,Office,Notebook Pack,3,10.8,0.1,32.4
2141,2025-02-13,Northeast,Consumer,Office,Pen Set,4,8.1,0.1,32.4
2142,2024-05-29,Midwest,Small Business,Home,Blender,1,65.0,0.0,65.0
2143,2025-11-03,Southeast,Small Business,Home,Desk Lamp,4,31.5,0.1,126.0
2144,2024-04-09,West,Consumer,Home,Blender,1,58.5,0.1,58.5
2145,2024-09-23,West,Enterprise,Home,Coffee Maker,4,79.0,0.0,316.0
2146,2024-09-21,Southeast,Consumer,Office,Desk Chair,5,189.0,0.0,945.0
2147,2025-06-18,Midwest,Enterprise,Home,Desk Lamp,2,35.0,0.0,70.0
2148,2024-10-25,Midwest,Small Business,Home,Blender,2,52.0,0.2,104.0
2149,2025-03-26,Southeast,Enterprise,Office,Desk Chair,2,189.0,0.0,378.0
2150,2024-10-26,Southeast,Enterprise,Home,Coffee Maker,2,79.0,0.0,158.0
2151,2024-11-06,Midwest,Enterprise,Electronics,Monitor,3,229.0,0.0,687.0
2152,2025-06-04,Southeast,Small Business,Office,Pen Set,4,8.1,0.1,32.4
2153,2025-10-21,Midwest,Small Business,Electronics,Monitor,5,229.0,0.0,1145.0
2154,2025-05-11,Southeast,Small Business,Office,Notebook Pack,5,10.8,0.1,54.0
2155,2025-01-23,Southeast,Small Business,Electronics,Monitor,1,229.0,0.0,229.0
2156,2024-07-30,Northeast,Enterprise,Electronics,Headphones,3,71.2,0.2,213.6
2157,2024-07-20,Northeast,Enterprise,Home,Coffee Maker,4,63.2,0.2,252.8
2158,2025-06-20,Northeast,Small Business,Electronics,Monitor,2,229.0,0.0,458.0
2159,2025-10-03,Midwest,Enterprise,Electronics,Keyboard,5,59.0,0.0,295.0
2160,2025-07-01,West,Enterprise,Office,Pen Set,1,9.0,0.0,9.0
2161,2025-06-19,Southeast,Consumer,Electronics,Headphones,3,89.0,0.0,267.0
2162,2025-12-07,Midwest,Enterprise,Office,Desk Chair,4,189.0,0.0,756.0
2163,2024-10-11,Southeast,Enterprise,Electronics,Monitor,2,229.0,0.0,458.0
2164,2024-11-06,West,Small Business,Electronics,Headphones,4,89.0,0.0,356.0
2165,2024-04-10,Southeast,Small Business,Office,Notebook Pack,3,12.0,0.0,36.0
2166,2024-04-29,Northeast,Enterprise,Home,Desk Lamp,4,35.0,0.0,140.0
2167,2025-08-26,Northeast,Enterprise,Electronics,Monitor,4,229.0,0.0,916.0
2168,2025-03-16,West,Consumer,Electronics,Monitor,4,229.0,0.0,916.0
2169,2024-09-14,Southeast,Small Business,Home,Blender,3,58.5,0.1,175.5
2170,2025-06-03,Midwest,Enterprise,Home,Blender,3,65.0,0.0,195.0
2171,2024-09-11,Midwest,Enterprise,Home,Coffee Maker,5,63.2,0.2,316.0
2172,2025-03-26,Midwest,Enterprise,Electronics,Headphones,4,89.0,0.0,356.0
2173,2025-04-26,West,Enterprise,Home,Desk Lamp,2,35.0,0.0,70.0
2174,2024-11-07,Southeast,Consumer,Electronics,Keyboard,5,47.2,0.2,236.0
2175,2024-04-21,Midwest,Small Business,Electronics,Headphones,3,71.2,0.2,213.6
2176,2025-06-27,Southeast,Enterprise,Home,Desk Lamp,3,28.0,0.2,84.0
2177,2025-11-19,West,Consumer,Electronics,Keyboard,4,59.0,0.0,236.0
2178,2024-06-10,West,Enterprise,Office,Pen Set,2,9.0,0.0,18.0
2179,2025-09-01,Midwest,Small Business,Home,Blender,3,65.0,0.0,195.0
2180,2024-11-06,Midwest,Enterprise,Home,Desk Lamp,5,35.0,0.0,175.0
2181,2024-11-18,West,Small Business,Home,Coffee Maker,6,63.2,0.2,379.2
2182,2024-01-06,Southeast,Small Business,Home,Desk Lamp,4,35.0,0.0,140.0
2183,2024-10-07,Midwest,Small Business,Electronics,Monitor,2,229.0,0.0,458.0
2184,2025-01-17,Midwest,Enterprise,Electronics,Keyboard,4,53.1,0.1,212.4
2185,2025-07-27,West,Small Business,Office,Notebook Pack,2,9.6,0.2,19.2
2186,2024-04-19,West,Enterprise,Electronics,Headphones,2,89.0,0.0,178.0
2187,2025-08-30,Southeast,Small Business,Home,Desk Lamp,4,31.5,0.1,126.0
2188,2025-09-13,Northeast,Enterprise,Office,Desk Chair,1,189.0,0.0,189.0
2189,2024-12-16,Midwest,Consumer,Home,Blender,5,58.5,0.1,292.5
2190,2025-04-28,West,Consumer,Electronics,Monitor,1,229.0,0.0,229.0
2191,2024-06-03,Northeast,Small Business,Office,Desk Chair,5,189.0,0.0,945.0
2192,2024-09-08,Midwest,Enterprise,Home,Blender,5,65.0,0.0,325.0
2193,2024-01-23,West,Enterprise,Electronics,Headphones,3,89.0,0.0,267.0
2194,2024-08-07,West,Small Business,Electronics,Keyboard,4,59.0,0.0,236.0
2195,2024-12-07,Northeast,Consumer,Electronics,Monitor,5,229.0,0.0,1145.0
2196,2024-05-02,West,Consumer,Office,Desk Chair,4,170.1,0.1,680.4
2197,2025-06-25,West,Consumer,Electronics,Monitor,3,229.0,0.0,687.0
2198,2025-05-31,Midwest,Enterprise,Home,Blender,4,65.0,0.0,260.0
2199,2024-03-09,Northeast,Enterprise,Office,Notebook Pack,5,12.0,0.0,60.0
2200,2024-06-11,Southeast,Consumer,Office,Notebook Pack,5,10.8,0.1,54.0
2201,2025-12-01,Southeast,Enterprise,Home,Coffee Maker,6,71.1,0.1,426.6
2202,2024-12-04,West,Enterprise,Electronics,Headphones,7,89.0,0.0,623.0
2203,2025-12-10,Midwest,Consumer,Office,Desk Chair,3,170.1,0.1,510.3
2204,2025-09-30,Midwest,Small Business,Home,Desk Lamp,1,35.0,0.0,35.0
2205,2024-06-03,West,Enterprise,Home,Desk Lamp,5,35.0,0.0,175.0
2206,2025-11-12,Southeast,Consumer,Electronics,Monitor,5,183.2,0.2,916.0
2207,2024-05-31,Northeast,Enterprise,Electronics,Keyboard,2,59.0,0.0,118.0
2208,2025-09-08,Northeast,Small Business,Electronics,Headphones,5,89.0,0.0,445.0
2209,2024-11-18,Midwest,Consumer,Electronics,Monitor,4,229.0,0.0,916.0
2210,2025-03-10,Northeast,Consumer,Home,Desk Lamp,2,35.0,0.0,70.0
2211,2025-03-26,Southeast,Small Business,Electronics,Keyboard,1,53.1,0.1,53.1
2212,2024-02-20,Southeast,Small Business,Home,Coffee Maker,4,79.0,0.0,316.0
2213,2025-08-27,Northeast,Consumer,Electronics,Headphones,2,71.2,0.2,142.4
2214,2024-08-02,Midwest,Small Business,Electronics,Keyboard,5,59.0,0.0,295.0
2215,2024-07-14,West,Small Business,Electronics,Headphones,5,89.0,0.0,445.0
2216,2025-06-04,West,Small Business,Electronics,Keyboard,1,59.0,0.0,59.0
2217,2025-02-13,Northeast,Small Business,Electronics,Keyboard,3,59.0,0.0,177.0
2218,2025-10-29,West,Consumer,Home,Desk Lamp,1,31.5,0.1,31.5
2219,2024-10-08,Southeast,Consumer,Office,Pen Set,3,9.0,0.0,27.0
2220,2024-06-30,Southeast,Consumer,Office,Notebook Pack,2,9.6,0.2,19.2
2221,2025-12-12,Southeast,Enterprise,Home,Desk Lamp,3,28.0,0.2,84.0
2222,2025-11-07,Southeast,Small Business,Home,Coffee Maker,7,71.1,0.1,497.7
2223,2024-06-25,Midwest,Consumer,Electronics,Monitor,2,229.0,0.0,458.0
2224,2024-06-15,West,Enterprise,Electronics,Keyboard,2,59.0,0.0,118.0
2225,2025-01-17,Northeast,Small Business,Home,Blender,3,65.0,0.0,195.0
2226,2024-01-30,Northeast,Enterprise,Home,Desk Lamp,2,31.5,0.1,63.0
2227,2025-01-21,Southeast,Consumer,Office,Pen Set,5,9.0,0.0,45.0
2228,2024-01-16,Northeast,Consumer,Home,Desk Lamp,1,31.5,0.1,31.5
2229,2025-05-02,Southeast,Enterprise,Home,Coffee Maker,5,71.1,0.1,355.5
2230,2025-10-14,Midwest,Consumer,Electronics,Keyboard,4,53.1,0.1,212.4
2231,2024-11-26,Northeast,Small Business,Office,Pen Set,5,7.2,0.2,36.0
2232,2025-05-19,Southeast,Enterprise,Office,Pen Set,2,9.0,0.0,18.0
2233,2024-05-12,West,Small Business,Electronics,Headphones,1,89.0,0.0,89.0
2234,2025-09-21,Southeast,Enterprise,Electronics,Headphones,2,89.0,0.0,178.0
2235,2025-11-06,Midwest,Consumer,Home,Coffee Maker,6,63.2,0.2,379.2
2236,2024-12-01,Northeast,Enterprise,Home,Coffee Maker,4,63.2,0.2,252.8
2237,2025-01-29,Northeast,Consumer,Office,Notebook Pack,2,12.0,0.0,24.0
2238,2025-10-11,Midwest,Consumer,Electronics,Headphones,2,80.1,0.1,160.2
2239,2025-08-08,West,Small Business,Home,Coffee Maker,3,79.0,0.0,237.0
2240,2024-08-07,West,Consumer,Home,Blender,3,52.0,0.2,156.0
2241,2024-10-13,Southeast,Small Business,Office,Pen Set,3,9.0,0.0,27.0
2242,2024-12-15,Midwest,Enterprise,Home,Blender,6,65.0,0.0,390.0
2243,2024-09-26,Southeast,Consumer,Electronics,Keyboard,4,59.0,0.0,236.0
2244,2024-08-20,Midwest,Consumer,Home,Desk Lamp,1,28.0,0.2,28.0
2245,2024-12-21,Northeast,Enterprise,Home,Coffee Maker,6,63.2,0.2,379.2
2246,2024-07-05,Southeast,Consumer,Home,Blender,2,65.0,0.0,130.0
2247,2024-07-22,Southeast,Enterprise,Office,Pen Set,3,7.2,0.2,21.6
2248,2025-06-27,Southeast,Enterprise,Office,Notebook Pack,5,12.0,0.0,60.0
2249,2025-06-27,Southeast,Enterprise,Electronics,Keyboard,2,59.0,0.0,118.0
2250,2025-10-11,West,Consumer,Office,Notebook Pack,2,9.6,0.2,19.2
2251,2024-10-12,West,Small Business,Electronics,Keyboard,3,53.1,0.1,159.3
2252,2025-04-24,Northeast,Small Business,Home,Desk Lamp,3,35.0,0.0,105.0
2253,2025-12-26,Northeast,Consumer,Office,Pen Set,5,9.0,0.0,45.0
2254,2025-02-24,Southeast,Small Business,Electronics,Headphones,4,89.0,0.0,356.0
2255,2024-06-12,Southeast,Consumer,Office,Desk Chair,4,151.2,0.2,604.8
2256,2024-12-24,West,Consumer,Electronics,Headphones,5,89.0,0.0,445.0
2257,2025-08-22,Southeast,Enterprise,Office,Notebook Pack,2,10.8,0.1,21.6
2258,2024-10-09,Midwest,Enterprise,Home,Desk Lamp,1,28.0,0.2,28.0
2259,2024-04-15,West,Small Business,Office,Pen Set,4,9.0,0.0,36.0
2260,2024-05-07,Southeast,Consumer,Office,Pen Set,5,8.1,0.1,40.5
2261,2024-12-15,Northeast,Enterprise,Home,Desk Lamp,6,35.0,0.0,210.0
2262,2025-04-22,Midwest,Consumer,Home,Blender,2,58.5,0.1,117.0
2263,2025-06-19,Midwest,Consumer,Electronics,Headphones,5,71.2,0.2,356.0
2264,2025-11-11,Northeast,Enterprise,Home,Blender,6,58.5,0.1,351.0
2265,2024-04-17,Midwest,Small Business,Home,Blender,3,65.0,0.0,195.0
2266,2025-11-13,Northeast,Enterprise,Home,Coffee Maker,3,79.0,0.0,237.0
2267,2025-05-12,West,Enterprise,Electronics,Monitor,4,229.0,0.0,916.0
2268,2024-09-29,West,Enterprise,Electronics,Monitor,4,183.2,0.2,732.8
2269,2025-06-15,Northeast,Enterprise,Office,Desk Chair,1,151.2,0.2,151.2
2270,2025-10-20,Southeast,Small Business,Electronics,Monitor,1,229.0,0.0,229.0
2271,2025-08-17,West,Enterprise,Office,Pen Set,5,8.1,0.1,40.5
2272,2024-02-10,Northeast,Small Business,Home,Blender,4,58.5,0.1,234.0
2273,2025-10-05,Southeast,Consumer,Office,Desk Chair,1,189.0,0.0,189.0
2274,2025-10-07,Northeast,Enterprise,Home,Desk Lamp,3,31.5,0.1,94.5
2275,2025-04-12,Southeast,Small Business,Home,Coffee Maker,3,79.0,0.0,237.0
2276,2025-04-01,Southeast,Consumer,Electronics,Keyboard,4,59.0,0.0,236.0
2277,2025-07-25,Midwest,Consumer,Office,Pen Set,3,8.1,0.1,24.3
2278,2025-05-26,Southeast,Small Business,Electronics,Keyboard,3,47.2,0.2,141.6
2279,2024-11-09,Midwest,Enterprise,Electronics,Monitor,3,206.1,0.1,618.3
2280,2025-05-24,Midwest,Enterprise,Office,Notebook Pack,4,12.0,0.0,48.0
2281,2025-05-12,Southeast,Consumer,Home,Coffee Maker,4,79.0,0.0,316.0
2282,2024-11-26,Midwest,Enterprise,Electronics,Headphones,4,71.2,0.2,284.8
2283,2025-12-18,Southeast,Small Business,Office,Pen Set,5,7.2,0.2,36.0
2284,2025-09-25,Northeast,Enterprise,Office,Notebook Pack,2,12.0,0.0,24.0
2285,2025-09-04,Midwest,Enterprise,Office,Desk Chair,3,189.0,0.0,567.0
2286,2024-12-28,Midwest,Enterprise,Home,Desk Lamp,6,35.0,0.0,210.0
2287,2025-08-06,Northeast,Consumer,Electronics,Keyboard,2,53.1,0.1,106.2
2288,2025-07-15,West,Consumer,Electronics,Monitor,3,229.0,0.0,687.0
2289,2025-12-12,Southeast,Consumer,Electronics,Headphones,4,80.1,0.1,320.4
2290,2024-01-13,West,Small Business,Home,Desk Lamp,1,28.0,0.2,28.0
2291,2025-02-28,West,Consumer,Office,Pen Set,5,9.0,0.0,45.0
2292,2025-06-15,Midwest,Enterprise,Office,Desk Chair,5,170.1,0.1,850.5
2293,2025-01-07,Southeast,Small Business,Home,Coffee Maker,3,79.0,0.0,237.0
2294,2025-07-07,Southeast,Enterprise,Home,Desk Lamp,2,35.0,0.0,70.0
2295,2025-08-15,Midwest,Consumer,Electronics,Headphones,5,80.1,0.1,400.5
2296,2025-09-10,Southeast,Small Business,Electronics,Monitor,3,183.2,0.2,549.6
2297,2024-10-02,West,Small Business,Office,Notebook Pack,4,9.6,0.2,38.4
2298,2025-08-28,West,Enterprise,Home,Desk Lamp,2,35.0,0.0,70.0
2299,2025-10-27,Northeast,Enterprise,Electronics,Keyboard,4,59.0,0.0,236.0
2300,2024-12-28,Midwest,Enterprise,Electronics,Monitor,5,183.2,0.2,916.0
2301,2024-01-29,Southeast,Small Business,Office,Pen Set,4,8.1,0.1,32.4
2302,2024-08-08,Midwest,Small Business,Office,Desk Chair,3,151.2,0.2,453.6
2303,2024-08-26,Midwest,Consumer,Office,Pen Set,4,9.0,0.0,36.0
2304,2025-09-16,Northeast,Consumer,Electronics,Monitor,3,183.2,0.2,549.6
2305,2025-09-20,Southeast,Consumer,Electronics,Monitor,4,229.0,0.0,916.0
2306,2025-09-07,Northeast,Small Business,Electronics,Headphones,1,80.1,0.1,80.1
2307,2024-04-01,West,Small Business,Electronics,Keyboard,5,53.1,0.1,265.5
2308,2025-12-14,Northeast,Small Business,Home,Desk Lamp,5,35.0,0.0,175.0
2309,2024-12-29,West,Consumer,Electronics,Monitor,6,229.0,0.0,1374.0
2310,2024-07-07,Midwest,Enterprise,Home,Coffee Maker,2,79.0,0.0,158.0
2311,2025-10-10,Midwest,Consumer,Electronics,Keyboard,4,59.0,0.0,236.0
2312,2025-09-12,Northeast,Consumer,Electronics,Monitor,1,229.0,0.0,229.0
2313,2024-01-02,West,Small Business,Office,Notebook Pack,1,12.0,0.0,12.0
2314,2024-01-29,Southeast,Consumer,Office,Pen Set,3,9.0,0.0,27.0
2315,2025-10-13,Southeast,Small Business,Office,Desk Chair,2,151.2,0.2,302.4
2316,2024-04-09,Southeast,Small Business,Office,Notebook Pack,5,12.0,0.0,60.0
2317,2025-12-24,Northeast,Enterprise,Electronics,Monitor,4,206.1,0.1,824.4
2318,2024-02-09,Northeast,Small Business,Office,Notebook Pack,3,12.0,0.0,36.0
2319,2025-11-30,Northeast,Small Business,Electronics,Monitor,7,229.0,0.0,1603.0
2320,2024-07-16,West,Enterprise,Office,Notebook Pack,5,12.0,0.0,60.0
2321,2025-07-15,Northeast,Small Business,Home,Coffee Maker,1,63.2,0.2,63.2
2322,2024-09-09,Southeast,Small Business,Home,Desk Lamp,2,31.5,0.1,63.0
2323,2024-02-12,Northeast,Enterprise,Home,Desk Lamp,4,28.0,0.2,112.0
2324,2024-04-03,West,Enterprise,Office,Pen Set,3,7.2,0.2,21.6
2325,2025-10-20,West,Consumer,Electronics,Keyboard,3,59.0,0.0,177.0
2326,2024-10-26,West,Consumer,Office,Desk Chair,4,170.1,0.1,680.4
2327,2025-05-17,West,Enterprise,Electronics,Keyboard,1,59.0,0.0,59.0
2328,2025-02-02,Northeast,Consumer,Home,Coffee Maker,3,79.0,0.0,237.0
2329,2024-04-01,Southeast,Enterprise,Home,Blender,5,52.0,0.2,260.0
2330,2024-11-17,Northeast,Small Business,Office,Notebook Pack,7,12.0,0.0,84.0
2331,2025-01-29,West,Enterprise,Electronics,Keyboard,5,59.0,0.0,295.0
2332,2025-06-04,Northeast,Consumer,Office,Notebook Pack,5,12.0,0.0,60.0
2333,2024-04-11,Northeast,Enterprise,Home,Desk Lamp,2,35.0,0.0,70.0
2334,2024-07-27,Northeast,Consumer,Home,Desk Lamp,5,28.0,0.2,140.0
2335,2025-01-25,Northeast,Consumer,Electronics,Monitor,1,229.0,0.0,229.0
2336,2025-11-06,Midwest,Small Business,Home,Desk Lamp,6,35.0,0.0,210.0
2337,2024-02-15,Midwest,Small Business,Electronics,Headphones,5,89.0,0.0,445.0
2338,2025-11-27,Midwest,Small Business,Office,Pen Set,5,9.0,0.0,45.0
2339,2025-12-07,Midwest,Consumer,Electronics,Keyboard,6,53.1,0.1,318.6
2340,2025-05-14,Northeast,Enterprise,Home,Blender,1,58.5,0.1,58.5
2341,2025-04-04,Northeast,Consumer,Electronics,Monitor,2,229.0,0.0,458.0
2342,2024-06-11,Midwest,Consumer,Home,Desk Lamp,2,28.0,0.2,56.0
2343,2024-09-19,Midwest,Small Business,Office,Pen Set,4,9.0,0.0,36.0
2344,2025-08-06,Southeast,Consumer,Home,Desk Lamp,1,31.5,0.1,31.5
2345,2025-07-22,Northeast,Small Business,Home,Desk Lamp,2,28.0,0.2,56.0
2346,2025-05-05,West,Consumer,Electronics,Headphones,2,89.0,0.0,178.0
2347,2024-03-26,Midwest,Small Business,Office,Notebook Pack,2,10.8,0.1,21.6
2348,2024-05-26,Southeast,Consumer,Home,Blender,1,52.0,0.2,52.0
2349,2024-11-21,Midwest,Small Business,Electronics,Monitor,3,229.0,0.0,687.0
2350,2024-06-28,West,Small Business,Home,Coffee Maker,2,79.0,0.0,158.0
2351,2024-06-05,Southeast,Enterprise,Home,Blender,1,65.0,0.0,65.0
2352,2024-07-18,West,Consumer,Home,Blender,4,65.0,0.0,260.0
2353,2024-09-08,Southeast,Consumer,Office,Pen Set,3,7.2,0.2,21.6
2354,2025-07-14,West,Enterprise,Home,Desk Lamp,1,35.0,0.0,35.0
2355,2025-07-01,Midwest,Consumer,Electronics,Monitor,2,229.0,0.0,458.0
2356,2024-05-26,West,Consumer,Electronics,Monitor,2,229.0,0.0,458.0
2357,2025-07-30,Southeast,Enterprise,Electronics,Keyboard,5,59.0,0.0,295.0
2358,2024-02-06,West,Enterprise,Office,Pen Set,1,9.0,0.0,9.0
2359,2025-10-22,West,Enterprise,Home,Coffee Maker,5,71.1,0.1,355.5
2360,2024-08-31,Midwest,Enterprise,Office,Desk Chair,5,189.0,0.0,945.0
2361,2025-04-10,Midwest,Consumer,Home,Desk Lamp,4,28.0,0.2,112.0
2362,2024-05-27,Midwest,Consumer,Home,Blender,2,58.5,0.1,117.0
2363,2025-01-11,Southeast,Consumer,Office,Notebook Pack,4,12.0,0.0,48.0
2364,2025-04-15,West,Consumer,Home,Blender,5,65.0,0.0,325.0
2365,2025-10-03,West,Small Business,Home,Desk Lamp,4,31.5,0.1,126.0
2366,2025-04-08,Midwest,Small Business,Home,Coffee Maker,4,79.0,0.0,316.0
2367,2025-11-12,Southeast,Consumer,Home,Desk Lamp,7,35.0,0.0,245.0
2368,2025-12-30,Midwest,Small Business,Electronics,Monitor,4,183.2,0.2,732.8
2369,2025-07-15,West,Consumer,Home,Coffee Maker,3,79.0,0.0,237.0
2370,2025-04-26,West,Consumer,Electronics,Monitor,4,229.0,0.0,916.0
2371,2024-07-23,West,Enterprise,Electronics,Keyboard,5,59.0,0.0,295.0
2372,2025-03-18,West,Enterprise,Electronics,Keyboard,1,59.0,0.0,59.0
2373,2025-11-14,West,Enterprise,Electronics,Keyboard,7,59.0,0.0,413.0
2374,2024-07-21,Southeast,Enterprise,Electronics,Keyboard,3,53.1,0.1,159.3
2375,2024-05-13,Northeast,Enterprise,Home,Coffee Maker,5,63.2,0.2,316.0
2376,2024-04-09,Northeast,Small Business,Electronics,Headphones,1,89.0,0.0,89.0
2377,2024-04-02,Southeast,Small Business,Home,Coffee Maker,2,79.0,0.0,158.0
2378,2024-03-08,West,Small Business,Home,Blender,3,52.0,0.2,156.0
2379,2024-12-12,Northeast,Enterprise,Office,Notebook Pack,5,12.0,0.0,60.0
2380,2024-06-12,West,Consumer,Electronics,Headphones,4,89.0,0.0,356.0
2381,2025-07-29,Southeast,Consumer,Office,Pen Set,4,9.0,0.0,36.0
2382,2025-11-10,Southeast,Small Business,Electronics,Keyboard,3,59.0,0.0,177.0
2383,2025-04-29,Midwest,Small Business,Home,Coffee Maker,2,79.0,0.0,158.0
2384,2025-08-21,West,Enterprise,Office,Notebook Pack,4,12.0,0.0,48.0
2385,2025-08-03,Northeast,Consumer,Home,Coffee Maker,1,79.0,0.0,79.0
2386,2024-05-18,Northeast,Enterprise,Office,Desk Chair,4,189.0,0.0,756.0
2387,2024-07-20,Midwest,Enterprise,Office,Desk Chair,3,189.0,0.0,567.0
2388,2025-05-21,Southeast,Small Business,Electronics,Monitor,5,206.1,0.1,1030.5
2389,2024-09-15,Northeast,Small Business,Electronics,Monitor,3,183.2,0.2,549.6
2390,2024-11-22,Midwest,Small Business,Electronics,Headphones,4,89.0,0.0,356.0
2391,2025-03-19,Northeast,Small Business,Home,Desk Lamp,3,31.5,0.1,94.5
2392,2025-07-18,Northeast,Small Business,Electronics,Headphones,5,89.0,0.0,445.0
2393,2025-01-24,Northeast,Enterprise,Electronics,Keyboard,4,53.1,0.1,212.4
2394,2025-11-19,Midwest,Enterprise,Home,Blender,6,65.0,0.0,390.0
2395,2025-03-10,Midwest,Enterprise,Home,Blender,3,65.0,0.0,195.0
2396,2024-09-24,Midwest,Consumer,Office,Notebook Pack,4,12.0,0.0,48.0
2397,2025-04-05,Northeast,Consumer,Office,Notebook Pack,3,9.6,0.2,28.8
2398,2024-05-11,Midwest,Consumer,Electronics,Headphones,1,89.0,0.0,89.0
2399,2024-06-06,Northeast,Enterprise,Office,Notebook Pack,1,12.0,0.0,12.0
2400,2024-01-14,Southeast,Enterprise,Office,Desk Chair,5,189.0,0.0,945.0
2401,2025-10-03,Northeast,Consumer,Home,Blender,3,65.0,0.0,195.0
2402,2025-12-22,Northeast,Enterprise,Electronics,Headphones,3,89.0,0.0,267.0
2403,2024-04-03,Northeast,Enterprise,Electronics,Keyboard,2,59.0,0.0,118.0
2404,2024-03-22,West,Consumer,Home,Coffee Maker,5,79.0,0.0,395.0
2405,2025-12-26,Midwest,Enterprise,Home,Blender,4,58.5,0.1,234.0
2406,2025-11-23,Northeast,Consumer,Office,Notebook Pack,6,12.0,0.0,72.0
2407,2024-06-29,Southeast,Enterprise,Electronics,Keyboard,2,47.2,0.2,94.4
2408,2024-05-06,Midwest,Consumer,Office,Notebook Pack,2,12.0,0.0,24.0
2409,2024-06-15,West,Enterprise,Home,Blender,5,65.0,0.0,325.0
2410,2025-10-17,Midwest,Enterprise,Home,Desk Lamp,4,35.0,0.0,140.0
2411,2024-09-03,Southeast,Consumer,Office,Notebook Pack,3,12.0,0.0,36.0
2412,2024-03-04,West,Consumer,Electronics,Keyboard,3,59.0,0.0,177.0
2413,2025-11-21,Midwest,Enterprise,Office,Desk Chair,3,189.0,0.0,567.0
2414,2025-01-05,Midwest,Enterprise,Office,Pen Set,5,9.0,0.0,45.0
2415,2024-11-22,West,Small Business,Home,Coffee Maker,6,79.0,0.0,474.0
2416,2025-05-15,Southeast,Consumer,Home,Blender,2,65.0,0.0,130.0
2417,2025-12-08,Midwest,Small Business,Home,Coffee Maker,6,71.1,0.1,426.6
2418,2025-04-19,West,Small Business,Home,Coffee Maker,2,79.0,0.0,158.0
2419,2024-01-26,West,Small Business,Electronics,Keyboard,4,59.0,0.0,236.0
2420,2024-01-15,Southeast,Consumer,Home,Blender,2,65.0,0.0,130.0
2421,2024-04-07,Midwest,Small Business,Electronics,Keyboard,4,59.0,0.0,236.0
2422,2024-07-21,Midwest,Enterprise,Electronics,Keyboard,4,59.0,0.0,236.0
2423,2024-10-11,West,Small Business,Electronics,Headphones,4,71.2,0.2,284.8
2424,2025-03-21,Northeast,Consumer,Electronics,Keyboard,1,59.0,0.0,59.0
2425,2024-11-27,Southeast,Consumer,Office,Desk Chair,7,189.0,0.0,1323.0
2426,2025-06-15,Northeast,Small Business,Home,Desk Lamp,4,31.5,0.1,126.0
2427,2025-10-08,West,Enterprise,Electronics,Keyboard,3,47.2,0.2,141.6
2428,2024-05-04,Midwest,Enterprise,Office,Notebook Pack,5,12.0,0.0,60.0
2429,2025-01-17,West,Consumer,Office,Notebook Pack,3,9.6,0.2,28.8
2430,2024-01-19,Southeast,Small Business,Home,Coffee Maker,4,79.0,0.0,316.0
2431,2025-12-05,Midwest,Enterprise,Electronics,Keyboard,6,59.0,0.0,354.0
2432,2024-12-05,Southeast,Enterprise,Office,Notebook Pack,4,12.0,0.0,48.0
2433,2025-08-30,West,Consumer,Office,Notebook Pack,2,10.8,0.1,21.6
2434,2024-11-16,Midwest,Consumer,Office,Notebook Pack,6,12.0,0.0,72.0
2435,2025-06-25,Northeast,Small Business,Home,Coffee Maker,5,79.0,0.0,395.0
2436,2025-02-02,Northeast,Small Business,Electronics,Keyboard,2,59.0,0.0,118.0
2437,2024-09-09,Midwest,Enterprise,Electronics,Monitor,1,229.0,0.0,229.0
2438,2025-05-09,West,Small Business,Office,Notebook Pack,3,12.0,0.0,36.0
2439,2025-09-11,Northeast,Small Business,Office,Notebook Pack,2,9.6,0.2,19.2
2440,2024-03-03,Midwest,Consumer,Office,Notebook Pack,5,9.6,0.2,48.0
2441,2025-01-20,Midwest,Consumer,Home,Blender,1,65.0,0.0,65.0
2442,2024-05-27,Northeast,Small Business,Home,Desk Lamp,1,31.5,0.1,31.5
2443,2025-04-21,Southeast,Enterprise,Electronics,Keyboard,4,47.2,0.2,188.8
2444,2025-03-30,Midwest,Consumer,Home,Desk Lamp,3,31.5,0.1,94.5
2445,2025-12-24,Southeast,Small Business,Office,Desk Chair,5,189.0,0.0,945.0
2446,2024-01-18,West,Small Business,Electronics,Headphones,3,71.2,0.2,213.6
2447,2024-05-25,Northeast,Enterprise,Home,Blender,4,52.0,0.2,208.0
2448,2025-03-20,Midwest,Enterprise,Office,Desk Chair,4,189.0,0.0,756.0
2449,2024-02-05,Northeast,Enterprise,Office,Desk Chair,3,151.2,0.2,453.6
2450,2024-02-27,Northeast,Consumer,Office,Pen Set,2,8.1,0.1,16.2
2451,2024-05-23,Southeast,Consumer,Electronics,Headphones,5,89.0,0.0,445.0
2452,2025-01-03,Midwest,Consumer,Home,Coffee Maker,1,71.1,0.1,71.1
2453,2025-05-19,West,Enterprise,Home,Blender,1,52.0,0.2,52.0
2454,2025-02-09,Southeast,Small Business,Office,Notebook Pack,5,12.0,0.0,60.0
2455,2024-06-11,Northeast,Enterprise,Electronics,Keyboard,2,59.0,0.0,118.0
2456,2025-11-30,West,Consumer,Office,Notebook Pack,3,12.0,0.0,36.0
2457,2024-02-13,Midwest,Small Business,Electronics,Headphones,2,89.0,0.0,178.0
2458,2025-01-31,Midwest,Small Business,Office,Pen Set,4,9.0,0.0,36.0
2459,2024-01-25,Northeast,Consumer,Office,Pen Set,4,7.2,0.2,28.8
2460,2024-07-23,West,Consumer,Office,Notebook Pack,2,12.0,0.0,24.0
2461,2024-12-23,Southeast,Small Business,Office,Notebook Pack,7,12.0,0.0,84.0
2462,2024-08-05,Midwest,Small Business,Electronics,Monitor,1,183.2,0.2,183.2
2463,2025-07-23,Southeast,Enterprise,Home,Blender,4,65.0,0.0,260.0
2464,2024-09-19,West,Consumer,Home,Desk Lamp,3,35.0,0.0,105.0
2465,2025-10-28,West,Consumer,Home,Coffee Maker,1,71.1,0.1,71.1
2466,2024-07-08,Southeast,Consumer,Electronics,Headphones,4,89.0,0.0,356.0
2467,2025-08-06,Midwest,Small Business,Office,Pen Set,3,9.0,0.0,27.0
2468,2025-04-19,Midwest,Consumer,Electronics,Monitor,2,183.2,0.2,366.4
2469,2025-06-07,Southeast,Small Business,Electronics,Keyboard,1,59.0,0.0,59.0
2470,2024-07-30,West,Small Business,Home,Blender,4,65.0,0.0,260.0
2471,2025-09-08,Midwest,Enterprise,Electronics,Keyboard,4,47.2,0.2,188.8
2472,2024-09-11,Northeast,Enterprise,Electronics,Monitor,1,229.0,0.0,229.0
2473,2024-02-21,West,Small Business,Electronics,Keyboard,1,59.0,0.0,59.0
2474,2025-08-04,Southeast,Enterprise,Electronics,Headphones,1,89.0,0.0,89.0
2475,2024-07-14,Midwest,Small Business,Home,Blender,3,65.0,0.0,195.0
2476,2025-10-31,Midwest,Consumer,Electronics,Keyboard,1,59.0,0.0,59.0
2477,2024-09-26,West,Consumer,Home,Desk Lamp,1,35.0,0.0,35.0
2478,2024-01-15,Midwest,Small Business,Electronics,Headphones,2,80.1,0.1,160.2
2479,2024-01-24,Southeast,Consumer,Office,Pen Set,4,9.0,0.0,36.0
2480,2024-03-07,Northeast,Small Business,Home,Blender,4,65.0,0.0,260.0
2481,2025-03-18,Northeast,Enterprise,Home,Coffee Maker,2,79.0,0.0,158.0
2482,2024-03-05,Southeast,Small Business,Home,Blender,3,58.5,0.1,175.5
2483,2024-01-25,West,Consumer,Office,Desk Chair,2,189.0,0.0,378.0
2484,2025-10-27,West,Consumer,Electronics,Monitor,4,183.2,0.2,732.8
2485,2024-02-18,Midwest,Small Business,Home,Coffee Maker,1,63.2,0.2,63.2
2486,2025-04-28,Southeast,Small Business,Office,Notebook Pack,3,12.0,0.0,36.0
2487,2025-10-16,West,Small Business,Home,Coffee Maker,2,63.2,0.2,126.4
2488,2025-04-23,West,Small Business,Home,Coffee Maker,2,71.1,0.1,142.2
2489,2025-03-18,Midwest,Small Business,Electronics,Monitor,3,229.0,0.0,687.0
2490,2025-10-22,Northeast,Small Business,Home,Coffee Maker,5,79.0,0.0,395.0
2491,2025-06-02,Southeast,Enterprise,Office,Notebook Pack,5,12.0,0.0,60.0
2492,2024-05-22,West,Consumer,Electronics,Monitor,4,229.0,0.0,916.0
2493,2025-05-28,Northeast,Small Business,Office,Notebook Pack,5,12.0,0.0,60.0
2494,2025-07-17,West,Consumer,Office,Notebook Pack,2,12.0,0.0,24.0
2495,2024-11-29,West,Consumer,Office,Desk Chair,7,170.1,0.1,1190.7
2496,2025-08-13,Southeast,Enterprise,Home,Blender,4,65.0,0.0,260.0
2497,2025-10-21,Northeast,Small Business,Home,Desk Lamp,2,35.0,0.0,70.0
2498,2024-05-27,West,Small Business,Electronics,Monitor,3,229.0,0.0,687.0
2499,2024-08-02,Northeast,Consumer,Office,Pen Set,1,9.0,0.0,9.0
2500,2024-02-01,Northeast,Consumer,Home,Desk Lamp,2,35.0,0.0,70.0
2501,2024-09-16,West,Consumer,Home,Desk Lamp,4,35.0,0.0,140.0
2502,2025-12-15,Midwest,Consumer,Office,Desk Chair,5,170.1,0.1,850.5
2503,2024-11-07,Northeast,Enterprise,Home,Blender,7,58.5,0.1,409.5
2504,2025-05-18,Northeast,Small Business,Electronics,Keyboard,3,59.0,0.0,177.0
2505,2025-12-18,West,Enterprise,Home,Coffee Maker,7,79.0,0.0,553.0
2506,2025-08-24,West,Consumer,Office,Desk Chair,4,189.0,0.0,756.0
2507,2025-05-14,Northeast,Consumer,Electronics,Keyboard,3,47.2,0.2,141.6
2508,2024-09-08,West,Enterprise,Office,Pen Set,1,8.1,0.1,8.1
2509,2024-12-11,Midwest,Small Business,Electronics,Monitor,6,229.0,0.0,1374.0
2510,2025-07-19,West,Consumer,Office,Desk Chair,2,151.2,0.2,302.4
2511,2024-01-11,West,Consumer,Office,Notebook Pack,5,12.0,0.0,60.0
2512,2025-05-29,West,Enterprise,Electronics,Keyboard,3,47.2,0.2,141.6
2513,2025-10-31,Northeast,Enterprise,Office,Notebook Pack,3,9.6,0.2,28.8
2514,2025-06-13,Southeast,Consumer,Home,Desk Lamp,4,35.0,0.0,140.0
2515,2024-10-24,Southeast,Consumer,Office,Desk Chair,4,189.0,0.0,756.0
2516,2024-07-22,West,Enterprise,Home,Coffee Maker,2,79.0,0.0,158.0
2517,2025-10-31,Southeast,Consumer,Electronics,Keyboard,1,59.0,0.0,59.0
2518,2024-12-14,West,Enterprise,Office,Pen Set,6,9.0,0.0,54.0
2519,2024-04-28,Northeast,Small Business,Electronics,Headphones,2,89.0,0.0,178.0
2520,2025-05-23,Midwest,Enterprise,Home,Blender,4,65.0,0.0,260.0
2521,2025-07-10,Midwest,Small Business,Electronics,Keyboard,4,59.0,0.0,236.0
2522,2025-07-24,Northeast,Small Business,Office,Desk Chair,1,189.0,0.0,189.0
2523,2025-11-11,Southeast,Consumer,Home,Coffee Maker,6,63.2,0.2,379.2
2524,2024-05-03,Southeast,Enterprise,Electronics,Headphones,1,71.2,0.2,71.2
2525,2024-07-20,Midwest,Small Business,Home,Blender,5,65.0,0.0,325.0
2526,2024-03-09,Northeast,Enterprise,Office,Notebook Pack,5,10.8,0.1,54.0
2527,2024-02-10,Southeast,Enterprise,Electronics,Headphones,2,89.0,0.0,178.0
2528,2025-12-19,Northeast,Consumer,Home,Desk Lamp,5,35.0,0.0,175.0
2529,2025-06-21,Northeast,Small Business,Office,Desk Chair,5,151.2,0.2,756.0
2530,2024-05-20,Southeast,Enterprise,Home,Desk Lamp,4,35.0,0.0,140.0
2531,2025-05-01,Southeast,Small Business,Home,Coffee Maker,2,79.0,0.0,158.0
2532,2025-07-20,Southeast,Enterprise,Office,Pen Set,5,9.0,0.0,45.0
2533,2024-05-10,Northeast,Enterprise,Office,Notebook Pack,1,10.8,0.1,10.8
2534,2024-06-17,Southeast,Small Business,Electronics,Monitor,4,229.0,0.0,916.0
2535,2025-02-20,West,Consumer,Electronics,Keyboard,1,59.0,0.0,59.0
2536,2024-07-16,West,Enterprise,Office,Pen Set,3,8.1,0.1,24.3
2537,2024-08-18,West,Enterprise,Office,Notebook Pack,4,9.6,0.2,38.4
2538,2025-10-12,Midwest,Small Business,Electronics,Headphones,5,71.2,0.2,356.0
2539,2024-03-17,Northeast,Enterprise,Home,Blender,1,58.5,0.1,58.5
2540,2024-03-27,Midwest,Small Business,Office,Notebook Pack,1,12.0,0.0,12.0
2541,2024-10-14,Midwest,Small Business,Home,Blender,3,65.0,0.0,195.0
2542,2025-04-26,Southeast,Small Business,Office,Desk Chair,4,151.2,0.2,604.8
2543,2024-12-11,Northeast,Small Business,Electronics,Monitor,6,229.0,0.0,1374.0
2544,2025-10-06,Southeast,Small Business,Home,Coffee Maker,3,63.2,0.2,189.6
2545,2024-11-27,Midwest,Consumer,Electronics,Monitor,4,229.0,0.0,916.0
2546,2024-12-09,Midwest,Enterprise,Office,Pen Set,6,9.0,0.0,54.0
2547,2025-03-10,Southeast,Enterprise,Office,Pen Set,2,7.2,0.2,14.4
2548,2024-10-29,Midwest,Consumer,Electronics,Monitor,3,183.2,0.2,549.6
2549,2025-04-18,Midwest,Enterprise,Office,Pen Set,2,9.0,0.0,18.0
2550,2024-09-09,West,Small Business,Electronics,Monitor,3,229.0,0.0,687.0
2551,2024-09-08,West,Enterprise,Home,Coffee Maker,3,63.2,0.2,189.6
2552,2024-12-15,Midwest,Consumer,Electronics,Keyboard,7,59.0,0.0,413.0
2553,2025-01-20,Southeast,Small Business,Office,Desk Chair,1,189.0,0.0,189.0
2554,2025-05-21,West,Consumer,Home,Blender,5,65.0,0.0,325.0
2555,2024-09-29,Northeast,Small Business,Electronics,Keyboard,4,47.2,0.2,188.8
2556,2025-03-23,Southeast,Consumer,Home,Coffee Maker,1,79.0,0.0,79.0
2557,2025-01-05,Northeast,Enterprise,Electronics,Headphones,1,89.0,0.0,89.0
2558,2025-07-02,Southeast,Consumer,Home,Desk Lamp,1,31.5,0.1,31.5
2559,2025-11-07,Midwest,Enterprise,Office,Notebook Pack,3,12.0,0.0,36.0
2560,2024-10-10,Southeast,Enterprise,Home,Coffee Maker,2,79.0,0.0,158.0
2561,2025-09-10,Southeast,Consumer,Office,Desk Chair,5,189.0,0.0,945.0
2562,2024-01-24,Southeast,Small Business,Office,Pen Set,3,9.0,0.0,27.0
2563,2024-07-27,Northeast,Enterprise,Office,Pen Set,1,9.0,0.0,9.0
2564,2025-09-20,Southeast,Small Business,Home,Coffee Maker,1,79.0,0.0,79.0
2565,2024-08-14,Southeast,Consumer,Electronics,Keyboard,5,59.0,0.0,295.0
2566,2024-10-13,West,Enterprise,Electronics,Headphones,2,89.0,0.0,178.0
2567,2025-09-06,Northeast,Consumer,Home,Coffee Maker,2,79.0,0.0,158.0
2568,2025-02-22,West,Enterprise,Office,Desk Chair,4,189.0,0.0,756.0
2569,2025-01-24,West,Small Business,Electronics,Monitor,3,229.0,0.0,687.0
2570,2025-06-20,West,Small Business,Home,Coffee Maker,1,71.1,0.1,71.1
2571,2025-09-13,West,Consumer,Electronics,Keyboard,2,59.0,0.0,118.0
2572,2025-02-17,West,Small Business,Electronics,Headphones,3,89.0,0.0,267.0
2573,2024-09-11,West,Consumer,Office,Desk Chair,2,170.1,0.1,340.2
2574,2025-12-03,Northeast,Small Business,Office,Notebook Pack,3,10.8,0.1,32.4
2575,2025-08-08,West,Small Business,Home,Coffee Maker,4,79.0,0.0,316.0
2576,2025-04-01,Midwest,Consumer,Home,Desk Lamp,4,35.0,0.0,140.0
2577,2024-10-02,Southeast,Consumer,Home,Coffee Maker,4,79.0,0.0,316.0
2578,2025-08-22,Southeast,Consumer,Office,Pen Set,5,7.2,0.2,36.0
2579,2025-01-25,Southeast,Consumer,Home,Desk Lamp,2,35.0,0.0,70.0
2580,2025-09-22,Northeast,Enterprise,Office,Pen Set,1,9.0,0.0,9.0
2581,2024-09-18,West,Small Business,Home,Desk Lamp,3,35.0,0.0,105.0
2582,2024-07-09,Northeast,Consumer,Electronics,Keyboard,3,59.0,0.0,177.0
2583,2024-04-04,Midwest,Enterprise,Office,Notebook Pack,5,12.0,0.0,60.0
2584,2025-04-26,Southeast,Enterprise,Home,Desk Lamp,2,35.0,0.0,70.0
2585,2025-12-30,Southeast,Enterprise,Electronics,Headphones,3,89.0,0.0,267.0
2586,2024-05-07,Southeast,Enterprise,Home,Blender,3,65.0,0.0,195.0
2587,2024-07-10,Midwest,Enterprise,Electronics,Headphones,3,89.0,0.0,267.0
2588,2024-01-22,Southeast,Consumer,Office,Pen Set,1,8.1,0.1,8.1
2589,2024-02-19,Midwest,Enterprise,Home,Desk Lamp,2,35.0,0.0,70.0
2590,2024-10-12,Northeast,Enterprise,Home,Desk Lamp,4,35.0,0.0,140.0
2591,2024-09-11,Northeast,Small Business,Electronics,Monitor,5,229.0,0.0,1145.0
2592,2024-05-19,West,Enterprise,Electronics,Keyboard,4,47.2,0.2,188.8
2593,2025-02-08,West,Enterprise,Office,Pen Set,4,7.2,0.2,28.8
2594,2025-06-16,Midwest,Enterprise,Home,Blender,5,58.5,0.1,292.5
2595,2025-02-21,Northeast,Consumer,Electronics,Monitor,4,229.0,0.0,916.0
2596,2024-03-16,West,Small Business,Office,Desk Chair,3,189.0,0.0,567.0
2597,2025-01-19,West,Consumer,Home,Coffee Maker,1,79.0,0.0,79.0
2598,2024-01-17,Southeast,Enterprise,Electronics,Keyboard,2,53.1,0.1,106.2
2599,2024-11-05,Southeast,Small Business,Home,Desk Lamp,4,35.0,0.0,140.0
2600,2024-09-15,Midwest,Consumer,Home,Coffee Maker,4,71.1,0.1,284.4
2601,2025-04-19,Southeast,Enterprise,Electronics,Keyboard,1,59.0,0.0,59.0
2602,2024-04-13,West,Small Business,Home,Coffee Maker,1,79.0,0.0,79.0
2603,2025-10-31,Midwest,Enterprise,Home,Desk Lamp,5,35.0,0.0,175.0
2604,2025-07-18,Midwest,Small Business,Home,Desk Lamp,4,35.0,0.0,140.0
2605,2024-07-17,Northeast,Consumer,Home,Blender,2,65.0,0.0,130.0
2606,2025-12-29,Southeast,Enterprise,Office,Desk Chair,3,189.0,0.0,567.0
2607,2025-06-17,Midwest,Enterprise,Home,Desk Lamp,4,31.5,0.1,126.0
2608,2025-04-16,Midwest,Consumer,Home,Blender,3,65.0,0.0,195.0
2609,2025-06-13,West,Enterprise,Office,Notebook Pack,4,10.8,0.1,43.2
2610,2024-02-07,Northeast,Consumer,Office,Pen Set,5,7.2,0.2,36.0
2611,2025-01-21,Southeast,Consumer,Home,Blender,4,65.0,0.0,260.0
2612,2024-07-20,West,Consumer,Electronics,Monitor,4,229.0,0.0,916.0
2613,2024-02-12,Southeast,Small Business,Electronics,Keyboard,1,59.0,0.0,59.0
2614,2025-08-05,Midwest,Consumer,Electronics,Keyboard,2,53.1,0.1,106.2
2615,2024-01-01,West,Consumer,Electronics,Headphones,1,89.0,0.0,89.0
2616,2024-08-12,Northeast,Enterprise,Home,Desk Lamp,4,35.0,0.0,140.0
2617,2025-04-15,Midwest,Enterprise,Home,Blender,3,58.5,0.1,175.5
2618,2025-07-25,Southeast,Enterprise,Office,Pen Set,3,9.0,0.0,27.0
2619,2025-11-29,Southeast,Consumer,Office,Pen Set,7,9.0,0.0,63.0
2620,2024-01-23,Midwest,Small Business,Home,Coffee Maker,3,79.0,0.0,237.0
2621,2025-02-18,Northeast,Consumer,Electronics,Monitor,3,229.0,0.0,687.0
2622,2025-07-22,Southeast,Consumer,Electronics,Headphones,2,80.1,0.1,160.2
2623,2025-12-15,West,Small Business,Office,Pen Set,5,8.1,0.1,40.5
2624,2025-08-03,Southeast,Enterprise,Home,Coffee Maker,1,79.0,0.0,79.0
2625,2025-05-07,West,Small Business,Office,Notebook Pack,3,12.0,0.0,36.0
2626,2025-03-18,Midwest,Small Business,Electronics,Keyboard,4,59.0,0.0,236.0
2627,2024-05-01,West,Enterprise,Home,Desk Lamp,4,31.5,0.1,126.0
2628,2024-08-07,Southeast,Enterprise,Home,Coffee Maker,2,79.0,0.0,158.0
2629,2024-06-17,West,Consumer,Home,Desk Lamp,5,35.0,0.0,175.0
2630,2024-04-13,West,Small Business,Electronics,Headphones,1,89.0,0.0,89.0
2631,2024-04-04,Northeast,Small Business,Office,Pen Set,2,9.0,0.0,18.0
2632,2024-06-30,Midwest,Enterprise,Electronics,Headphones,3,89.0,0.0,267.0
2633,2025-08-08,Midwest,Consumer,Electronics,Headphones,2,89.0,0.0,178.0
2634,2024-02-09,Northeast,Consumer,Office,Notebook Pack,1,9.6,0.2,9.6
2635,2024-06-23,Midwest,Enterprise,Home,Coffee Maker,1,79.0,0.0,79.0
2636,2025-06-22,Northeast,Small Business,Electronics,Monitor,3,229.0,0.0,687.0
2637,2025-09-12,West,Enterprise,Home,Desk Lamp,5,35.0,0.0,175.0
2638,2024-08-17,Midwest,Enterprise,Office,Desk Chair,1,170.1,0.1,170.1
2639,2024-06-15,Midwest,Small Business,Office,Desk Chair,4,189.0,0.0,756.0
2640,2025-10-31,Midwest,Enterprise,Office,Desk Chair,4,189.0,0.0,756.0
2641,2024-11-30,Southeast,Consumer,Electronics,Headphones,6,89.0,0.0,534.0
2642,2024-03-22,Northeast,Small Business,Electronics,Monitor,1,229.0,0.0,229.0
2643,2024-05-09,Midwest,Enterprise,Electronics,Monitor,1,229.0,0.0,229.0
2644,2024-11-23,West,Consumer,Office,Notebook Pack,6,10.8,0.1,64.8
2645,2025-10-21,Midwest,Enterprise,Office,Pen Set,5,7.2,0.2,36.0
2646,2024-08-02,Southeast,Small Business,Home,Blender,1,65.0,0.0,65.0
2647,2024-07-15,Midwest,Small Business,Home,Desk Lamp,1,35.0,0.0,35.0
2648,2024-07-10,West,Consumer,Home,Coffee Maker,4,79.0,0.0,316.0
2649,2024-11-30,Southeast,Consumer,Office,Pen Set,6,9.0,0.0,54.0
2650,2024-06-17,Midwest,Consumer,Home,Coffee Maker,1,71.1,0.1,71.1
2651,2024-02-13,West,Small Business,Electronics,Headphones,5,71.2,0.2,356.0
2652,2024-07-26,Northeast,Enterprise,Office,Notebook Pack,4,12.0,0.0,48.0
2653,2025-01-04,Midwest,Consumer,Office,Desk Chair,5,189.0,0.0,945.0
2654,2024-04-17,Southeast,Small Business,Home,Blender,2,65.0,0.0,130.0
2655,2025-11-27,West,Enterprise,Office,Pen Set,7,9.0,0.0,63.0
2656,2025-08-27,Northeast,Small Business,Office,Pen Set,2,8.1,0.1,16.2
2657,2025-08-28,Northeast,Small Business,Office,Desk Chair,5,170.1,0.1,850.5
2658,2024-12-06,West,Small Business,Electronics,Keyboard,7,59.0,0.0,413.0
2659,2025-04-19,Southeast,Small Business,Office,Pen Set,2,9.0,0.0,18.0
2660,2024-09-28,Midwest,Small Business,Home,Blender,1,65.0,0.0,65.0
2661,2024-09-28,Southeast,Small Business,Electronics,Monitor,2,229.0,0.0,458.0
2662,2024-09-01,Northeast,Small Business,Home,Desk Lamp,4,35.0,0.0,140.0
2663,2025-07-02,Midwest,Enterprise,Office,Desk Chair,1,151.2,0.2,151.2
2664,2025-11-10,Midwest,Consumer,Electronics,Keyboard,7,59.0,0.0,413.0
2665,2024-08-28,Southeast,Consumer,Home,Blender,3,65.0,0.0,195.0
2666,2025-12-02,West,Consumer,Home,Desk Lamp,5,35.0,0.0,175.0
2667,2024-04-11,Midwest,Enterprise,Electronics,Monitor,3,229.0,0.0,687.0
2668,2024-09-20,Southeast,Small Business,Home,Desk Lamp,4,35.0,0.0,140.0
2669,2024-04-09,Northeast,Consumer,Home,Coffee Maker,5,63.2,0.2,316.0
2670,2024-06-08,Midwest,Consumer,Electronics,Headphones,2,89.0,0.0,178.0
2671,2024-04-26,West,Enterprise,Home,Coffee Maker,1,63.2,0.2,63.2
2672,2024-05-05,Northeast,Small Business,Home,Blender,5,65.0,0.0,325.0
2673,2024-04-04,Midwest,Enterprise,Home,Desk Lamp,4,35.0,0.0,140.0
2674,2024-01-19,Southeast,Small Business,Office,Notebook Pack,1,12.0,0.0,12.0
2675,2024-06-13,West,Enterprise,Office,Pen Set,5,9.0,0.0,45.0
2676,2024-12-25,Northeast,Enterprise,Electronics,Keyboard,6,53.1,0.1,318.6
2677,2025-02-16,West,Enterprise,Electronics,Headphones,2,71.2,0.2,142.4
2678,2025-12-15,West,Small Business,Electronics,Monitor,4,206.1,0.1,824.4
2679,2024-11-25,Northeast,Small Business,Office,Desk Chair,4,189.0,0.0,756.0
2680,2024-07-11,Midwest,Enterprise,Electronics,Monitor,3,229.0,0.0,687.0
2681,2024-12-12,West,Consumer,Home,Blender,3,65.0,0.0,195.0
2682,2024-05-17,Northeast,Enterprise,Electronics,Monitor,5,183.2,0.2,916.0
2683,2024-05-19,Midwest,Consumer,Home,Coffee Maker,5,63.2,0.2,316.0
2684,2025-10-01,Midwest,Enterprise,Electronics,Monitor,3,229.0,0.0,687.0
2685,2025-03-11,Midwest,Enterprise,Home,Desk Lamp,1,35.0,0.0,35.0
2686,2024-05-20,Midwest,Small Business,Office,Desk Chair,4,189.0,0.0,756.0
2687,2025-02-25,West,Small Business,Electronics,Monitor,3,229.0,0.0,687.0
2688,2024-11-03,Midwest,Consumer,Home,Desk Lamp,3,35.0,0.0,105.0
2689,2025-12-29,Northeast,Small Business,Electronics,Headphones,7,71.2,0.2,498.4
2690,2024-04-26,Northeast,Consumer,Electronics,Keyboard,3,59.0,0.0,177.0
2691,2025-08-13,Northeast,Small Business,Electronics,Monitor,1,229.0,0.0,229.0
2692,2024-11-14,Midwest,Enterprise,Office,Pen Set,3,7.2,0.2,21.6
2693,2025-11-04,Midwest,Small Business,Home,Desk Lamp,6,35.0,0.0,210.0
2694,2024-04-05,Southeast,Consumer,Office,Desk Chair,3,189.0,0.0,567.0
2695,2024-04-06,Northeast,Small Business,Office,Notebook Pack,1,10.8,0.1,10.8
2696,2025-01-04,Southeast,Enterprise,Home,Blender,1,65.0,0.0,65.0
2697,2025-07-28,Southeast,Enterprise,Electronics,Headphones,3,89.0,0.0,267.0
2698,2025-08-05,Southeast,Enterprise,Office,Notebook Pack,1,10.8,0.1,10.8
2699,2025-12-26,West,Consumer,Electronics,Headphones,7,89.0,0.0,623.0
2700,2025-11-28,West,Enterprise,Office,Desk Chair,7,189.0,0.0,1323.0
2701,2024-08-31,West,Consumer,Electronics,Keyboard,2,47.2,0.2,94.4
2702,2025-06-24,West,Enterprise,Home,Coffee Maker,2,71.1,0.1,142.2
2703,2024-10-21,West,Small Business,Home,Desk Lamp,5,35.0,0.0,175.0
2704,2025-10-25,West,Enterprise,Office,Desk Chair,1,189.0,0.0,189.0
2705,2024-07-14,Southeast,Enterprise,Office,Desk Chair,2,151.2,0.2,302.4
2706,2025-08-17,Northeast,Consumer,Electronics,Monitor,2,229.0,0.0,458.0
2707,2024-09-12,Southeast,Consumer,Office,Notebook Pack,1,10.8,0.1,10.8
2708,2024-10-10,Northeast,Enterprise,Electronics,Monitor,1,229.0,0.0,229.0
2709,2024-01-15,West,Consumer,Home,Desk Lamp,3,35.0,0.0,105.0
2710,2024-05-30,Midwest,Small Business,Office,Pen Set,1,9.0,0.0,9.0
2711,2025-01-22,Southeast,Enterprise,Office,Pen Set,3,8.1,0.1,24.3
2712,2024-05-29,Southeast,Small Business,Electronics,Keyboard,3,59.0,0.0,177.0
2713,2025-05-15,Northeast,Small Business,Home,Coffee Maker,1,79.0,0.0,79.0
2714,2025-04-19,Midwest,Consumer,Electronics,Headphones,1,80.1,0.1,80.1
2715,2025-02-27,Midwest,Consumer,Electronics,Keyboard,2,59.0,0.0,118.0
2716,2025-03-12,West,Small Business,Electronics,Keyboard,5,59.0,0.0,295.0
2717,2024-11-06,Midwest,Small Business,Office,Notebook Pack,6,12.0,0.0,72.0
2718,2025-02-03,West,Consumer,Home,Desk Lamp,4,35.0,0.0,140.0
2719,2024-01-18,Southeast,Enterprise,Electronics,Monitor,4,206.1,0.1,824.4
2720,2025-06-05,Midwest,Enterprise,Office,Notebook Pack,1,12.0,0.0,12.0
2721,2024-09-17,Midwest,Enterprise,Office,Notebook Pack,3,9.6,0.2,28.8
2722,2025-02-17,Southeast,Small Business,Electronics,Headphones,5,89.0,0.0,445.0
2723,2024-09-15,Southeast,Enterprise,Electronics,Monitor,5,183.2,0.2,916.0
2724,2025-05-23,Midwest,Enterprise,Office,Notebook Pack,2,12.0,0.0,24.0
2725,2025-07-21,West,Consumer,Home,Blender,3,65.0,0.0,195.0
2726,2024-07-10,Midwest,Enterprise,Electronics,Monitor,3,206.1,0.1,618.3
2727,2024-10-05,Midwest,Consumer,Office,Notebook Pack,4,9.6,0.2,38.4
2728,2025-01-24,Midwest,Consumer,Home,Blender,2,65.0,0.0,130.0
2729,2024-12-10,Midwest,Small Business,Home,Coffee Maker,4,63.2,0.2,252.8
2730,2024-08-21,Northeast,Enterprise,Home,Blender,1,65.0,0.0,65.0
2731,2024-05-20,West,Small Business,Electronics,Keyboard,1,59.0,0.0,59.0
2732,2025-07-01,West,Enterprise,Office,Notebook Pack,1,9.6,0.2,9.6
2733,2024-05-18,Midwest,Consumer,Electronics,Monitor,2,229.0,0.0,458.0
2734,2024-02-07,Northeast,Small Business,Home,Desk Lamp,5,31.5,0.1,157.5
2735,2025-10-20,Midwest,Consumer,Office,Desk Chair,2,189.0,0.0,378.0
2736,2025-09-18,Southeast,Consumer,Electronics,Headphones,3,71.2,0.2,213.6
2737,2025-05-02,Northeast,Small Business,Office,Desk Chair,5,189.0,0.0,945.0
2738,2024-08-09,Southeast,Enterprise,Home,Coffee Maker,1,79.0,0.0,79.0
2739,2024-10-11,West,Enterprise,Electronics,Keyboard,3,59.0,0.0,177.0
2740,2025-12-13,Northeast,Enterprise,Electronics,Headphones,3,71.2,0.2,213.6
2741,2024-10-08,Northeast,Enterprise,Electronics,Headphones,2,89.0,0.0,178.0
2742,2024-07-02,Midwest,Small Business,Electronics,Headphones,2,89.0,0.0,178.0
2743,2024-03-03,Southeast,Consumer,Office,Desk Chair,2,151.2,0.2,302.4
2744,2024-04-30,Midwest,Enterprise,Office,Pen Set,2,9.0,0.0,18.0
2745,2025-03-18,West,Small Business,Electronics,Monitor,1,229.0,0.0,229.0
2746,2024-01-08,Southeast,Enterprise,Electronics,Keyboard,1,47.2,0.2,47.2
2747,2025-03-06,Northeast,Consumer,Electronics,Headphones,2,89.0,0.0,178.0
2748,2025-03-01,Midwest,Enterprise,Electronics,Keyboard,2,59.0,0.0,118.0
2749,2025-06-16,Midwest,Small Business,Office,Pen Set,5,7.2,0.2,36.0
2750,2024-06-10,West,Small Business,Office,Pen Set,5,9.0,0.0,45.0
2751,2024-06-25,Midwest,Enterprise,Office,Desk Chair,3,189.0,0.0,567.0
2752,2024-08-07,Midwest,Small Business,Office,Notebook Pack,2,10.8,0.1,21.6
2753,2025-07-02,Southeast,Consumer,Home,Desk Lamp,5,35.0,0.0,175.0
2754,2024-08-23,West,Small Business,Office,Pen Set,5,9.0,0.0,45.0
2755,2025-10-27,Southeast,Enterprise,Office,Pen Set,2,9.0,0.0,18.0
2756,2024-08-25,Northeast,Consumer,Electronics,Headphones,1,71.2,0.2,71.2
2757,2025-07-05,Northeast,Small Business,Office,Notebook Pack,3,9.6,0.2,28.8
2758,2024-09-24,Northeast,Small Business,Home,Blender,2,65.0,0.0,130.0
2759,2025-05-17,Southeast,Enterprise,Electronics,Headphones,2,89.0,0.0,178.0
2760,2025-03-28,Midwest,Small Business,Electronics,Keyboard,5,59.0,0.0,295.0
2761,2024-06-17,Northeast,Consumer,Office,Desk Chair,3,189.0,0.0,567.0
2762,2024-01-28,Northeast,Small Business,Office,Pen Set,1,9.0,0.0,9.0
2763,2024-06-17,Northeast,Enterprise,Office,Pen Set,5,9.0,0.0,45.0
2764,2024-07-13,Midwest,Consumer,Home,Desk Lamp,4,28.0,0.2,112.0
2765,2025-10-07,Midwest,Small Business,Office,Pen Set,1,9.0,0.0,9.0
2766,2025-01-23,Midwest,Small Business,Office,Notebook Pack,5,12.0,0.0,60.0
2767,2024-06-12,West,Small Business,Electronics,Monitor,2,183.2,0.2,366.4
2768,2025-05-17,Midwest,Enterprise,Office,Notebook Pack,2,12.0,0.0,24.0
2769,2025-09-28,Northeast,Enterprise,Electronics,Keyboard,4,53.1,0.1,212.4
2770,2025-03-21,Northeast,Consumer,Home,Desk Lamp,1,28.0,0.2,28.0
2771,2025-11-08,Midwest,Consumer,Home,Desk Lamp,6,35.0,0.0,210.0
2772,2025-01-05,Southeast,Small Business,Office,Pen Set,3,7.2,0.2,21.6
2773,2025-01-21,Southeast,Small Business,Office,Notebook Pack,2,10.8,0.1,21.6
2774,2025-06-07,Midwest,Small Business,Electronics,Keyboard,3,59.0,0.0,177.0
2775,2024-06-23,Northeast,Enterprise,Office,Desk Chair,1,151.2,0.2,151.2
2776,2025-04-26,West,Enterprise,Electronics,Keyboard,2,59.0,0.0,118.0
2777,2025-09-20,Northeast,Enterprise,Office,Desk Chair,5,189.0,0.0,945.0
2778,2025-10-13,Northeast,Small Business,Office,Notebook Pack,2,12.0,0.0,24.0
2779,2024-02-18,Northeast,Enterprise,Electronics,Keyboard,3,47.2,0.2,141.6
2780,2025-06-25,Southeast,Enterprise,Office,Notebook Pack,3,12.0,0.0,36.0
2781,2025-04-30,West,Enterprise,Home,Desk Lamp,5,35.0,0.0,175.0
2782,2024-07-11,Midwest,Consumer,Office,Pen Set,1,8.1,0.1,8.1
2783,2024-06-07,Midwest,Enterprise,Office,Notebook Pack,2,10.8,0.1,21.6
2784,2024-06-23,Midwest,Consumer,Office,Pen Set,3,8.1,0.1,24.3
2785,2024-01-22,West,Consumer,Electronics,Keyboard,2,59.0,0.0,118.0
2786,2024-04-16,Northeast,Small Business,Home,Coffee Maker,1,71.1,0.1,71.1
2787,2024-10-25,Midwest,Small Business,Office,Desk Chair,2,189.0,0.0,378.0
2788,2024-02-13,Midwest,Enterprise,Electronics,Keyboard,2,59.0,0.0,118.0
2789,2025-11-30,Northeast,Small Business,Electronics,Keyboard,4,59.0,0.0,236.0
2790,2025-01-21,Northeast,Consumer,Home,Coffee Maker,3,79.0,0.0,237.0
2791,2024-04-21,Southeast,Small Business,Home,Desk Lamp,5,28.0,0.2,140.0
2792,2024-12-05,Northeast,Enterprise,Office,Notebook Pack,6,9.6,0.2,57.6
2793,2025-12-05,Midwest,Consumer,Home,Desk Lamp,5,35.0,0.0,175.0
2794,2024-07-28,Midwest,Enterprise,Electronics,Headphones,3,89.0,0.0,267.0
2795,2024-11-18,Southeast,Consumer,Office,Notebook Pack,6,12.0,0.0,72.0
2796,2024-04-02,West,Enterprise,Electronics,Monitor,5,206.1,0.1,1030.5
2797,2024-05-06,Southeast,Enterprise,Office,Notebook Pack,5,12.0,0.0,60.0
2798,2024-04-03,Southeast,Consumer,Office,Pen Set,2,8.1,0.1,16.2
2799,2025-02-18,West,Consumer,Office,Desk Chair,2,189.0,0.0,378.0
2800,2024-03-19,Midwest,Small Business,Electronics,Monitor,5,206.1,0.1,1030.5
2801,2024-04-07,Northeast,Consumer,Home,Blender,4,52.0,0.2,208.0
2802,2024-07-08,Northeast,Small Business,Electronics,Headphones,1,71.2,0.2,71.2
2803,2025-02-28,Northeast,Consumer,Electronics,Monitor,2,183.2,0.2,366.4
2804,2025-12-05,Midwest,Enterprise,Home,Coffee Maker,6,71.1,0.1,426.6
2805,2024-10-17,Southeast,Small Business,Office,Notebook Pack,4,12.0,0.0,48.0
2806,2025-01-11,Northeast,Small Business,Office,Desk Chair,2,189.0,0.0,378.0
2807,2025-09-10,Midwest,Consumer,Electronics,Headphones,5,71.2,0.2,356.0
2808,2025-07-06,West,Small Business,Home,Desk Lamp,2,31.5,0.1,63.0
2809,2024-01-28,Southeast,Enterprise,Office,Notebook Pack,4,12.0,0.0,48.0
2810,2024-06-10,Southeast,Consumer,Electronics,Monitor,5,183.2,0.2,916.0
2811,2024-09-02,West,Consumer,Home,Coffee Maker,3,79.0,0.0,237.0
2812,2024-04-04,West,Enterprise,Home,Desk Lamp,3,35.0,0.0,105.0
2813,2024-02-13,Southeast,Small Business,Home,Blender,1,65.0,0.0,65.0
2814,2025-02-08,Northeast,Consumer,Home,Coffee Maker,1,63.2,0.2,63.2
2815,2024-05-11,Northeast,Enterprise,Home,Desk Lamp,1,35.0,0.0,35.0
2816,2024-07-27,Northeast,Consumer,Home,Coffee Maker,4,63.2,0.2,252.8
2817,2025-01-30,Midwest,Enterprise,Electronics,Monitor,4,229.0,0.0,916.0
2818,2024-08-05,Midwest,Small Business,Electronics,Headphones,2,89.0,0.0,178.0
2819,2024-02-23,West,Enterprise,Home,Blender,5,65.0,0.0,325.0
2820,2024-04-21,Southeast,Enterprise,Home,Blender,4,58.5,0.1,234.0
2821,2024-08-03,Northeast,Consumer,Office,Desk Chair,3,189.0,0.0,567.0
2822,2024-11-07,Southeast,Small Business,Office,Notebook Pack,7,10.8,0.1,75.6
2823,2024-11-01,Southeast,Small Business,Electronics,Keyboard,7,47.2,0.2,330.4
2824,2024-02-17,Northeast,Consumer,Electronics,Headphones,3,71.2,0.2,213.6
2825,2024-04-14,Northeast,Enterprise,Office,Desk Chair,4,189.0,0.0,756.0
2826,2025-01-12,Midwest,Enterprise,Office,Pen Set,1,9.0,0.0,9.0
2827,2024-07-05,Southeast,Small Business,Electronics,Monitor,4,229.0,0.0,916.0
2828,2025-09-04,West,Enterprise,Office,Pen Set,5,8.1,0.1,40.5
2829,2024-10-30,West,Consumer,Office,Pen Set,5,7.2,0.2,36.0
2830,2025-06-18,West,Enterprise,Home,Desk Lamp,5,35.0,0.0,175.0
2831,2025-08-05,Northeast,Small Business,Electronics,Headphones,3,71.2,0.2,213.6
2832,2024-01-22,Southeast,Consumer,Office,Desk Chair,5,151.2,0.2,756.0
2833,2024-07-13,Southeast,Small Business,Electronics,Headphones,2,89.0,0.0,178.0
2834,2025-02-17,Northeast,Enterprise,Office,Pen Set,1,8.1,0.1,8.1
2835,2025-04-29,West,Consumer,Electronics,Keyboard,1,53.1,0.1,53.1
2836,2025-10-19,Southeast,Enterprise,Home,Desk Lamp,2,35.0,0.0,70.0
2837,2025-09-13,Southeast,Enterprise,Electronics,Keyboard,5,59.0,0.0,295.0
2838,2024-05-21,Northeast,Small Business,Office,Pen Set,1,9.0,0.0,9.0
2839,2025-02-21,West,Small Business,Office,Notebook Pack,2,9.6,0.2,19.2
2840,2024-01-31,Midwest,Enterprise,Office,Notebook Pack,4,9.6,0.2,38.4
2841,2025-11-23,West,Enterprise,Electronics,Keyboard,5,59.0,0.0,295.0
2842,2025-01-22,Northeast,Enterprise,Home,Coffee Maker,1,79.0,0.0,79.0
2843,2025-05-08,Midwest,Enterprise,Home,Desk Lamp,2,35.0,0.0,70.0
2844,2024-12-10,West,Enterprise,Electronics,Keyboard,4,59.0,0.0,236.0
2845,2024-06-01,Midwest,Enterprise,Electronics,Monitor,3,183.2,0.2,549.6
2846,2024-02-11,Northeast,Consumer,Electronics,Headphones,4,89.0,0.0,356.0
2847,2025-11-14,West,Consumer,Office,Desk Chair,7,170.1,0.1,1190.7
2848,2024-02-26,Northeast,Consumer,Electronics,Keyboard,5,59.0,0.0,295.0
2849,2025-11-15,Northeast,Consumer,Electronics,Monitor,5,229.0,0.0,1145.0
2850,2025-01-19,Northeast,Small Business,Office,Notebook Pack,5,12.0,0.0,60.0
2851,2025-10-06,West,Small Business,Office,Notebook Pack,3,12.0,0.0,36.0
2852,2024-06-30,West,Enterprise,Office,Pen Set,2,7.2,0.2,14.4
2853,2025-02-25,Southeast,Enterprise,Office,Notebook Pack,1,12.0,0.0,12.0
2854,2024-10-13,West,Enterprise,Home,Desk Lamp,4,31.5,0.1,126.0
2855,2024-10-15,Southeast,Enterprise,Home,Desk Lamp,1,31.5,0.1,31.5
2856,2025-02-16,Southeast,Small Business,Home,Blender,2,52.0,0.2,104.0
2857,2024-01-20,West,Consumer,Office,Notebook Pack,4,10.8,0.1,43.2
2858,2024-06-13,Midwest,Consumer,Office,Pen Set,5,9.0,0.0,45.0
2859,2025-02-10,Northeast,Consumer,Office,Pen Set,5,9.0,0.0,45.0
2860,2024-07-22,Southeast,Small Business,Electronics,Keyboard,2,59.0,0.0,118.0
2861,2025-01-01,West,Consumer,Office,Notebook Pack,2,12.0,0.0,24.0
2862,2025-04-23,Southeast,Consumer,Office,Notebook Pack,4,12.0,0.0,48.0
2863,2025-11-25,Northeast,Small Business,Electronics,Headphones,7,89.0,0.0,623.0
2864,2024-04-25,Midwest,Consumer,Electronics,Keyboard,2,47.2,0.2,94.4
2865,2025-04-23,West,Consumer,Home,Blender,5,65.0,0.0,325.0
2866,2024-07-13,Midwest,Small Business,Electronics,Keyboard,1,47.2,0.2,47.2
2867,2024-09-27,Midwest,Consumer,Office,Notebook Pack,2,9.6,0.2,19.2
2868,2024-05-24,Northeast,Small Business,Home,Coffee Maker,5,79.0,0.0,395.0
2869,2024-10-09,Southeast,Enterprise,Home,Desk Lamp,2,31.5,0.1,63.0
2870,2024-09-13,Northeast,Consumer,Electronics,Keyboard,4,47.2,0.2,188.8
2871,2025-04-19,Southeast,Consumer,Office,Desk Chair,5,189.0,0.0,945.0
2872,2024-01-15,Southeast,Consumer,Electronics,Monitor,1,206.1,0.1,206.1
2873,2025-10-05,Southeast,Enterprise,Electronics,Keyboard,5,53.1,0.1,265.5
2874,2025-07-13,West,Consumer,Home,Blender,4,52.0,0.2,208.0
2875,2025-03-12,Southeast,Enterprise,Electronics,Monitor,2,229.0,0.0,458.0
2876,2025-11-28,Southeast,Enterprise,Home,Coffee Maker,3,79.0,0.0,237.0
2877,2025-04-05,West,Small Business,Office,Notebook Pack,4,9.6,0.2,38.4
2878,2025-11-28,West,Small Business,Electronics,Keyboard,6,59.0,0.0,354.0
2879,2024-08-29,Midwest,Consumer,Home,Blender,2,65.0,0.0,130.0
2880,2025-01-20,Southeast,Consumer,Office,Notebook Pack,1,12.0,0.0,12.0
2881,2025-10-06,West,Enterprise,Home,Coffee Maker,2,79.0,0.0,158.0
2882,2025-11-06,West,Consumer,Home,Desk Lamp,5,28.0,0.2,140.0
2883,2025-12-04,Northeast,Enterprise,Home,Coffee Maker,7,79.0,0.0,553.0
2884,2025-10-28,Midwest,Enterprise,Electronics,Headphones,5,89.0,0.0,445.0
2885,2025-02-11,Midwest,Consumer,Home,Blender,1,52.0,0.2,52.0
2886,2025-03-16,Northeast,Consumer,Office,Pen Set,5,9.0,0.0,45.0
2887,2024-05-09,Southeast,Enterprise,Electronics,Keyboard,1,47.2,0.2,47.2
2888,2025-07-09,Midwest,Enterprise,Home,Blender,5,65.0,0.0,325.0
2889,2024-05-13,Northeast,Enterprise,Home,Blender,3,52.0,0.2,156.0
2890,2024-03-27,West,Consumer,Home,Coffee Maker,4,63.2,0.2,252.8
2891,2025-12-12,Southeast,Consumer,Office,Desk Chair,3,189.0,0.0,567.0
2892,2025-07-11,Southeast,Enterprise,Home,Coffee Maker,4,71.1,0.1,284.4
2893,2025-11-03,Midwest,Small Business,Electronics,Headphones,7,80.1,0.1,560.7
2894,2024-03-20,West,Small Business,Office,Notebook Pack,4,10.8,0.1,43.2
2895,2025-07-08,West,Enterprise,Electronics,Monitor,5,206.1,0.1,1030.5
2896,2024-06-06,Southeast,Small Business,Electronics,Keyboard,5,47.2,0.2,236.0
2897,2024-02-09,Northeast,Small Business,Office,Pen Set,3,7.2,0.2,21.6
2898,2025-10-20,Northeast,Enterprise,Electronics,Monitor,2,229.0,0.0,458.0
2899,2024-10-02,West,Enterprise,Electronics,Monitor,3,206.1,0.1,618.3
2900,2025-09-26,Northeast,Consumer,Home,Blender,4,52.0,0.2,208.0
2901,2025-11-20,Southeast,Enterprise,Electronics,Headphones,5,71.2,0.2,356.0
2902,2024-12-16,West,Small Business,Home,Coffee Maker,5,79.0,0.0,395.0
2903,2025-08-30,Midwest,Consumer,Home,Desk Lamp,2,35.0,0.0,70.0
2904,2025-10-15,Midwest,Small Business,Electronics,Monitor,2,183.2,0.2,366.4
2905,2024-08-15,Midwest,Small Business,Electronics,Monitor,5,229.0,0.0,1145.0
2906,2024-06-17,Midwest,Enterprise,Home,Desk Lamp,3,35.0,0.0,105.0
2907,2025-05-09,Southeast,Small Business,Electronics,Keyboard,4,59.0,0.0,236.0
2908,2025-08-26,Midwest,Consumer,Electronics,Monitor,2,229.0,0.0,458.0
2909,2024-08-16,Midwest,Small Business,Office,Notebook Pack,5,10.8,0.1,54.0
2910,2024-01-27,West,Enterprise,Office,Desk Chair,5,189.0,0.0,945.0
2911,2024-11-28,Midwest,Small Business,Electronics,Monitor,5,206.1,0.1,1030.5
2912,2024-08-17,Northeast,Enterprise,Electronics,Headphones,3,71.2,0.2,213.6
2913,2025-06-08,West,Consumer,Office,Notebook Pack,1,10.8,0.1,10.8
2914,2024-02-18,Southeast,Small Business,Electronics,Monitor,3,183.2,0.2,549.6
2915,2024-02-08,Midwest,Consumer,Electronics,Keyboard,2,53.1,0.1,106.2
2916,2024-11-29,Midwest,Consumer,Home,Coffee Maker,3,79.0,0.0,237.0
2917,2024-04-19,Southeast,Small Business,Electronics,Monitor,2,229.0,0.0,458.0
2918,2025-05-02,West,Small Business,Office,Pen Set,1,9.0,0.0,9.0
2919,2024-11-20,Southeast,Enterprise,Electronics,Headphones,7,89.0,0.0,623.0
2920,2025-10-20,Midwest,Consumer,Electronics,Keyboard,1,59.0,0.0,59.0
2921,2025-04-12,West,Enterprise,Home,Blender,5,65.0,0.0,325.0
2922,2024-03-02,Northeast,Small Business,Office,Pen Set,2,8.1,0.1,16.2
2923,2025-01-04,Midwest,Small Business,Electronics,Headphones,5,71.2,0.2,356.0
2924,2024-06-15,West,Consumer,Electronics,Keyboard,5,53.1,0.1,265.5
2925,2024-11-28,West,Small Business,Office,Pen Set,6,8.1,0.1,48.6
2926,2024-11-01,Midwest,Enterprise,Electronics,Headphones,6,89.0,0.0,534.0
2927,2025-11-16,West,Small Business,Home,Blender,5,52.0,0.2,260.0
2928,2024-11-20,Southeast,Small Business,Office,Pen Set,5,9.0,0.0,45.0
2929,2025-09-21,Northeast,Consumer,Electronics,Headphones,4,89.0,0.0,356.0
2930,2024-01-07,Midwest,Enterprise,Electronics,Headphones,2,89.0,0.0,178.0
2931,2024-08-23,Southeast,Consumer,Office,Pen Set,2,9.0,0.0,18.0
2932,2025-10-20,Southeast,Consumer,Electronics,Keyboard,3,59.0,0.0,177.0
2933,2024-11-27,Southeast,Enterprise,Home,Coffee Maker,3,63.2,0.2,189.6
2934,2025-10-10,Midwest,Small Business,Home,Blender,2,65.0,0.0,130.0
2935,2024-10-18,West,Enterprise,Office,Pen Set,5,8.1,0.1,40.5
2936,2025-09-26,Southeast,Small Business,Office,Desk Chair,2,170.1,0.1,340.2
2937,2025-04-04,Southeast,Enterprise,Office,Desk Chair,3,170.1,0.1,510.3
2938,2024-01-07,Midwest,Small Business,Electronics,Keyboard,5,59.0,0.0,295.0
2939,2024-08-02,Northeast,Enterprise,Electronics,Monitor,2,229.0,0.0,458.0
2940,2024-05-16,Southeast,Enterprise,Electronics,Headphones,2,89.0,0.0,178.0
2941,2024-01-08,Northeast,Small Business,Office,Desk Chair,5,189.0,0.0,945.0
2942,2024-01-09,Midwest,Small Business,Electronics,Monitor,2,206.1,0.1,412.2
2943,2024-06-12,Midwest,Consumer,Electronics,Monitor,5,206.1,0.1,1030.5
2944,2025-06-29,Northeast,Enterprise,Electronics,Keyboard,4,47.2,0.2,188.8
2945,2025-04-11,West,Small Business,Electronics,Headphones,3,80.1,0.1,240.3
2946,2024-09-23,West,Consumer,Office,Desk Chair,5,189.0,0.0,945.0
2947,2025-01-23,Southeast,Enterprise,Electronics,Monitor,1,229.0,0.0,229.0
2948,2024-04-02,Southeast,Enterprise,Office,Pen Set,4,8.1,0.1,32.4
2949,2024-04-14,West,Consumer,Home,Desk Lamp,5,35.0,0.0,175.0
2950,2025-10-22,Southeast,Consumer,Home,Desk Lamp,1,31.5,0.1,31.5
2951,2025-03-29,Southeast,Consumer,Office,Pen Set,2,7.2,0.2,14.4
2952,2024-11-29,Southeast,Enterprise,Electronics,Headphones,4,71.2,0.2,284.8
2953,2025-02-25,Northeast,Enterprise,Electronics,Headphones,4,89.0,0.0,356.0
2954,2024-11-06,Southeast,Consumer,Electronics,Monitor,7,229.0,0.0,1603.0
2955,2024-11-28,Southeast,Small Business,Office,Desk Chair,4,151.2,0.2,604.8
2956,2025-07-23,West,Enterprise,Home,Coffee Maker,4,79.0,0.0,316.0
2957,2025-10-22,Southeast,Small Business,Home,Blender,4,65.0,0.0,260.0
2958,2024-10-23,Midwest,Small Business,Electronics,Headphones,5,89.0,0.0,445.0
2959,2025-08-14,West,Enterprise,Home,Blender,1,65.0,0.0,65.0
2960,2025-08-19,Southeast,Small Business,Home,Desk Lamp,2,28.0,0.2,56.0
2961,2024-03-12,West,Enterprise,Electronics,Headphones,3,89.0,0.0,267.0
2962,2025-05-24,Midwest,Consumer,Office,Notebook Pack,2,10.8,0.1,21.6
2963,2025-08-16,Southeast,Consumer,Office,Pen Set,2,9.0,0.0,18.0
2964,2025-11-22,Northeast,Enterprise,Electronics,Headphones,5,80.1,0.1,400.5
2965,2024-07-11,West,Enterprise,Electronics,Headphones,1,89.0,0.0,89.0
2966,2025-12-03,West,Small Business,Home,Blender,7,52.0,0.2,364.0
2967,2025-12-01,Midwest,Consumer,Electronics,Monitor,5,183.2,0.2,916.0
2968,2024-08-30,Northeast,Consumer,Office,Pen Set,4,9.0,0.0,36.0
2969,2024-01-18,Northeast,Enterprise,Home,Coffee Maker,2,71.1,0.1,142.2
2970,2025-08-10,Midwest,Consumer,Home,Desk Lamp,4,35.0,0.0,140.0
2971,2024-08-03,Southeast,Enterprise,Office,Pen Set,1,9.0,0.0,9.0
2972,2025-08-14,Northeast,Consumer,Electronics,Monitor,5,229.0,0.0,1145.0
2973,2024-11-06,Southeast,Consumer,Electronics,Keyboard,5,47.2,0.2,236.0
2974,2025-09-18,West,Consumer,Electronics,Headphones,5,80.1,0.1,400.5
2975,2024-08-03,Northeast,Consumer,Office,Pen Set,4,9.0,0.0,36.0
2976,2025-02-11,Northeast,Consumer,Electronics,Monitor,2,229.0,0.0,458.0
2977,2024-06-10,West,Enterprise,Electronics,Monitor,4,206.1,0.1,824.4
2978,2024-05-22,Northeast,Consumer,Electronics,Headphones,5,89.0,0.0,445.0
2979,2025-01-26,Northeast,Consumer,Home,Desk Lamp,2,35.0,0.0,70.0
2980,2025-09-24,Midwest,Enterprise,Office,Notebook Pack,4,12.0,0.0,48.0
2981,2025-06-25,Southeast,Consumer,Home,Desk Lamp,2,28.0,0.2,56.0
2982,2024-10-27,Midwest,Consumer,Office,Notebook Pack,4,10.8,0.1,43.2
2983,2025-07-03,Midwest,Enterprise,Electronics,Monitor,2,206.1,0.1,412.2
2984,2024-04-16,Northeast,Small Business,Electronics,Keyboard,2,59.0,0.0,118.0
2985,2024-01-24,Southeast,Small Business,Office,Pen Set,4,7.2,0.2,28.8
2986,2024-01-09,Southeast,Enterprise,Office,Pen Set,3,9.0,0.0,27.0
2987,2024-10-20,Southeast,Enterprise,Home,Desk Lamp,1,28.0,0.2,28.0
2988,2025-01-10,Northeast,Consumer,Home,Blender,4,65.0,0.0,260.0
2989,2025-11-13,West,Consumer,Office,Pen Set,5,9.0,0.0,45.0
2990,2024-04-09,Midwest,Consumer,Electronics,Keyboard,1,59.0,0.0,59.0
2991,2025-03-10,Midwest,Small Business,Home,Blender,3,52.0,0.2,156.0
2992,2024-11-10,Northeast,Enterprise,Electronics,Headphones,3,89.0,0.0,267.0
2993,2024-06-08,West,Consumer,Electronics,Headphones,4,89.0,0.0,356.0
2994,2025-01-05,West,Small Business,Office,Notebook Pack,4,12.0,0.0,48.0
2995,2024-03-02,West,Enterprise,Electronics,Monitor,5,229.0,0.0,1145.0
2996,2024-03-28,West,Consumer,Home,Coffee Maker,5,79.0,0.0,395.0
2997,2024-05-13,Midwest,Small Business,Electronics,Keyboard,5,59.0,0.0,295.0
2998,2024-09-24,Midwest,Consumer,Electronics,Monitor,1,229.0,0.0,229.0
2999,2024-09-12,Midwest,Small Business,Electronics,Headphones,1,71.2,0.2,71.2
3000,2025-05-23,West,Small Business,Office,Pen Set,4,9.0,0.0,36.0
